Survey,Tributary,Date,ReachName,Species,Season
SS,Green Valley Creek,1/30/12,GRE SS 2,coho salmon,2006-2012
SS,Green Valley Creek,1/30/12,GRE SS 2,coho salmon,2006-2012
SS,Green Valley Creek,1/30/12,GRE SS 2,coho salmon,2006-2012
SS,Green Valley Creek,1/30/12,GRE SS 2,coho salmon,2006-2012
SS,Green Valley Creek,1/30/12,GRE SS 2,coho salmon,2006-2012
SS,Green Valley Creek,1/30/12,GRE SS 2,coho salmon,2006-2012
SS,Green Valley Creek,12/19/12,GRE SS 2,coho salmon,2006-2012
SS,Green Valley Creek,12/19/12,GRE SS 2,salmonid sp,2006-2012
SS,Green Valley Creek,3/18/09,GRE SS 1,salmonid sp,2006-2012
SS,Green Valley Creek,2/27/12,GRE SS 1,steelhead,2006-2012
SS,Felta Creek,2/24/12,FEL SS 1,salmonid sp,2006-2012
SS,Dutch Bill Creek,1/27/12,DUT SS 1,coho salmon,2006-2012
SS,Green Valley Creek,12/10/12,GRE SS 1,coho salmon,2006-2012
SS,Green Valley Creek,12/19/12,GRE SS 1,coho salmon,2006-2012
SS,Green Valley Creek,12/19/12,GRE SS 1,coho salmon,2006-2012
SS,Green Valley Creek,12/19/12,GRE SS 1,coho salmon,2006-2012
SS,Green Valley Creek,1/9/13,GRE SS 1,steelhead,2006-2012
SS,Green Valley Creek,1/9/13,GRE SS 1,steelhead,2006-2012
SS,Green Valley Creek,1/28/13,GRE SS 1,coho salmon,2006-2012
SS,Green Valley Creek,2/12/13,GRE SS 1,steelhead,2006-2012
SS,Green Valley Creek,2/12/13,GRE SS 1,steelhead,2006-2012
SS,Green Valley Creek,1/20/11,GRE SS 1,steelhead,2006-2012
SS,Green Valley Creek,1/20/11,GRE SS 1,steelhead,2006-2012
SS,Green Valley Creek,1/30/12,GRE SS 1,coho salmon,2006-2012
SS,Green Valley Creek,1/30/12,GRE SS 1,coho salmon,2006-2012
SS,Green Valley Creek,1/30/12,GRE SS 1,coho salmon,2006-2012
SS,Green Valley Creek,1/30/12,GRE SS 1,coho salmon,2006-2012
SS,Green Valley Creek,2/6/12,GRE SS 1,steelhead,2006-2012
SS,Green Valley Creek,2/6/12,GRE SS 1,coho salmon,2006-2012
SS,Green Valley Creek,2/6/12,GRE SS 1,steelhead,2006-2012
SS,Green Valley Creek,2/6/12,GRE SS 1,steelhead,2006-2012
SS,Green Valley Creek,2/27/12,GRE SS 1,steelhead,2006-2012
SS,Green Valley Creek,2/27/12,GRE SS 1,steelhead,2006-2012
SS,Green Valley Creek,2/27/12,GRE SS 1,steelhead,2006-2012
SS,Green Valley Creek,2/27/12,GRE SS 1,coho salmon,2006-2012
SS,Green Valley Creek,2/27/12,GRE SS 1,salmonid sp,2006-2012
SS,Green Valley Creek,2/27/12,GRE SS 1,coho salmon,2006-2012
SS,Felta Creek,2/29/08,FEL SS 1,steelhead,2006-2012
SS,Felta Creek,2/29/08,FEL SS 1,steelhead,2006-2012
SS,Felta Creek,2/24/12,FEL SS 1,salmonid sp,2006-2012
SS,Felta Creek,3/1/12,FEL SS 1,salmonid sp,2006-2012
SS,Felta Creek,12/11/12,FEL SS 1,Chinook salmon,2006-2012
SS,Felta Creek,1/11/13,FEL SS 1,coho salmon,2006-2012
SS,Felta Creek,3/6/07,FEL SS 1,steelhead,2006-2012
SS,Felta Creek,3/6/07,FEL SS 1,steelhead,2006-2012
SS,Felta Creek,3/6/07,FEL SS 1,steelhead,2006-2012
SS,East Austin Creek,12/12/10,EAU SS 1,coho salmon,2006-2012
SS,East Austin Creek,12/12/10,EAU SS 1,coho salmon,2006-2012
SS,Felta Creek,1/26/12,FEL SS 1,coho salmon,2006-2012
SS,Felta Creek,1/26/12,FEL SS 1,coho salmon,2006-2012
SS,Felta Creek,1/26/12,FEL SS 1,coho salmon,2006-2012
SS,Felta Creek,1/26/12,FEL SS 1,coho salmon,2006-2012
SS,Felta Creek,1/26/12,FEL SS 1,coho salmon,2006-2012
SS,Felta Creek,1/26/12,FEL SS 1,coho salmon,2006-2012
SS,Felta Creek,1/26/12,FEL SS 1,coho salmon,2006-2012
SS,Felta Creek,1/26/12,FEL SS 1,coho salmon,2006-2012
SS,Felta Creek,1/26/12,FEL SS 1,coho salmon,2006-2012
SS,Felta Creek,2/1/12,FEL SS 1,coho salmon,2006-2012
SS,Felta Creek,2/1/12,FEL SS 1,coho salmon,2006-2012
SS,East Austin Creek,12/12/10,EAU SS 1,coho salmon,2006-2012
SS,East Austin Creek,12/12/10,EAU SS 1,Chinook salmon,2006-2012
SS,East Austin Creek,12/12/10,EAU SS 1,coho salmon,2006-2012
SS,Mill Creek,2/6/13,MIL SS 2,steelhead,2006-2012
SS,Mill Creek,2/6/13,MIL SS 2,steelhead,2006-2012
SS,Mill Creek,2/6/13,MIL SS 2,steelhead,2006-2012
SS,Mill Creek,1/14/08,MIL SS 1,steelhead,2006-2012
SS,Mill Creek,1/14/08,MIL SS 1,steelhead,2006-2012
SS,Mill Creek,1/14/08,MIL SS 1,steelhead,2006-2012
SS,Mill Creek,1/14/08,MIL SS 1,steelhead,2006-2012
SS,Mill Creek,1/14/08,MIL SS 1,steelhead,2006-2012
SS,Mill Creek,1/14/08,MIL SS 1,steelhead,2006-2012
SS,Mill Creek,3/4/08,MIL SS 1,steelhead,2006-2012
SS,Mill Creek,2/12/08,MIL SS 4,steelhead,2006-2012
SS,Mill Creek,2/29/08,MIL SS 3,steelhead,2006-2012
SS,Mill Creek,1/14/08,MIL SS 2,steelhead,2006-2012
SS,Mill Creek,2/8/07,MIL SS 1,steelhead,2006-2012
SS,Mill Creek,1/27/12,MIL SS 1,coho salmon,2006-2012
SS,Mill Creek,12/11/12,MIL SS 1,Chinook salmon,2006-2012
SS,Green Valley Creek,12/28/12,GRE SS 3,coho salmon,2006-2012
SS,Green Valley Creek,1/30/12,GRE SS 2,coho salmon,2006-2012
SS,Mill Creek,1/22/08,MIL SS 2,steelhead,2006-2012
SS,Mill Creek,1/22/08,MIL SS 2,steelhead,2006-2012
SS,Mill Creek,2/7/08,MIL SS 2,steelhead,2006-2012
SS,Mill Creek,2/7/08,MIL SS 2,steelhead,2006-2012
SS,Mill Creek,2/20/08,MIL SS 2,steelhead,2006-2012
SS,Mill Creek,2/20/08,MIL SS 2,steelhead,2006-2012
SS,Mill Creek,2/29/08,MIL SS 2,steelhead,2006-2012
SS,Mill Creek,2/29/08,MIL SS 2,steelhead,2006-2012
SS,Mill Creek,3/5/08,MIL SS 2,steelhead,2006-2012
SS,Mill Creek,1/14/08,MIL SS 1,steelhead,2006-2012
SS,Mill Creek,3/5/08,MIL SS 2,steelhead,2006-2012
SS,Green Valley Creek,12/19/12,GRE SS 2,salmonid sp,2006-2012
SS,Green Valley Creek,2/6/12,GRE SS 1,steelhead,2006-2012
SS,Felta Creek,2/1/12,FEL SS 1,coho salmon,2006-2012
SS,Dutch Bill Creek,12/12/12,DUT SS 2,steelhead,2006-2012
SS,Mill Creek,1/22/08,MIL SS 1,steelhead,2006-2012
SS,Mill Creek,1/22/08,MIL SS 1,steelhead,2006-2012
SS,Mill Creek,1/22/08,MIL SS 1,steelhead,2006-2012
SS,Mill Creek,2/8/08,MIL SS 1,steelhead,2006-2012
SS,Mill Creek,2/8/08,MIL SS 1,steelhead,2006-2012
SS,Mill Creek,2/8/08,MIL SS 1,steelhead,2006-2012
SS,Mill Creek,2/8/08,MIL SS 1,steelhead,2006-2012
SS,Mill Creek,2/8/08,MIL SS 1,Chinook salmon,2006-2012
SS,Mill Creek,2/8/08,MIL SS 1,steelhead,2006-2012
SS,Dutch Bill Creek,12/12/12,DUT SS 2,steelhead,2006-2012
SS,Dutch Bill Creek,12/19/12,DUT SS 2,steelhead,2006-2012
SS,Dutch Bill Creek,12/19/12,DUT SS 2,coho salmon,2006-2012
SS,Dutch Bill Creek,12/19/12,DUT SS 2,salmonid sp,2006-2012
SS,Dutch Bill Creek,1/7/13,DUT SS 2,salmonid sp,2006-2012
SS,Dutch Bill Creek,1/7/13,DUT SS 2,coho salmon,2006-2012
SS,Dutch Bill Creek,1/7/13,DUT SS 2,steelhead,2006-2012
SS,Dutch Bill Creek,1/15/13,DUT SS 2,salmonid sp,2006-2012
SS,Dutch Bill Creek,1/15/13,DUT SS 2,steelhead,2006-2012
SS,Green Valley Creek,12/29/12,GRE SS 2,coho salmon,2006-2012
SS,Green Valley Creek,12/29/12,GRE SS 2,coho salmon,2006-2012
SS,Green Valley Creek,1/2/13,GRE SS 2,salmonid sp,2006-2012
SS,Green Valley Creek,2/11/10,GRE SS 2,steelhead,2006-2012
SS,Green Valley Creek,2/11/10,GRE SS 2,steelhead,2006-2012
SS,Green Valley Creek,1/12/11,GRE SS 2,steelhead,2006-2012
SS,Green Valley Creek,1/12/11,GRE SS 2,coho salmon,2006-2012
SS,Green Valley Creek,1/12/11,GRE SS 2,steelhead,2006-2012
SS,Green Valley Creek,3/18/09,GRE SS 1,salmonid sp,2006-2012
SS,Green Valley Creek,2/6/12,GRE SS 1,steelhead,2006-2012
SS,Green Valley Creek,2/6/12,GRE SS 1,steelhead,2006-2012
SS,Green Valley Creek,2/6/12,GRE SS 1,coho salmon,2006-2012
SS,Green Valley Creek,2/6/12,GRE SS 1,coho salmon,2006-2012
SS,Green Valley Creek,2/6/12,GRE SS 1,coho salmon,2006-2012
SS,Green Valley Creek,2/13/12,GRE SS 1,coho salmon,2006-2012
SS,Dutch Bill Creek,1/16/08,DUT SS 2,steelhead,2006-2012
SS,Dutch Bill Creek,1/24/08,DUT SS 2,steelhead,2006-2012
SS,Dutch Bill Creek,1/24/08,DUT SS 2,steelhead,2006-2012
SS,Dutch Bill Creek,2/14/08,DUT SS 2,steelhead,2006-2012
SS,Dutch Bill Creek,12/21/09,DUT SS 2,steelhead,2006-2012
SS,Dutch Bill Creek,12/13/10,DUT SS 2,coho salmon,2006-2012
SS,Dutch Bill Creek,1/27/12,DUT SS 2,coho salmon,2006-2012
SS,Dutch Bill Creek,1/27/12,DUT SS 1,coho salmon,2006-2012
SS,Dutch Bill Creek,1/27/12,DUT SS 1,coho salmon,2006-2012
SS,Dutch Bill Creek,1/27/12,DUT SS 1,coho salmon,2006-2012
SS,Dutch Bill Creek,1/27/12,DUT SS 1,coho salmon,2006-2012
SS,Dutch Bill Creek,2/3/12,DUT SS 1,coho salmon,2006-2012
SS,Dutch Bill Creek,2/3/12,DUT SS 1,coho salmon,2006-2012
SS,Dutch Bill Creek,2/3/12,DUT SS 1,coho salmon,2006-2012
SS,Dutch Bill Creek,2/3/12,DUT SS 1,coho salmon,2006-2012
SS,Dutch Bill Creek,2/23/12,DUT SS 1,steelhead,2006-2012
SS,Dutch Bill Creek,2/3/12,DUT SS 2,coho salmon,2006-2012
SS,Dutch Bill Creek,2/8/12,DUT SS 2,coho salmon,2006-2012
SS,Dutch Bill Creek,2/16/12,DUT SS 2,coho salmon,2006-2012
SS,Dutch Bill Creek,2/16/12,DUT SS 2,salmonid sp,2006-2012
SS,Dutch Bill Creek,2/16/12,DUT SS 2,coho salmon,2006-2012
SS,Dutch Bill Creek,2/23/12,DUT SS 2,coho salmon,2006-2012
SS,Dutch Bill Creek,2/23/12,DUT SS 2,coho salmon,2006-2012
SS,Dutch Bill Creek,2/23/12,DUT SS 2,steelhead,2006-2012
SS,Mill Creek,2/8/08,MIL SS 1,steelhead,2006-2012
SS,Mill Creek,2/8/08,MIL SS 1,steelhead,2006-2012
SS,Mill Creek,2/8/08,MIL SS 1,steelhead,2006-2012
SS,Mill Creek,2/8/08,MIL SS 1,steelhead,2006-2012
SS,Mill Creek,2/12/08,MIL SS 1,steelhead,2006-2012
SS,Mill Creek,2/12/08,MIL SS 1,steelhead,2006-2012
SS,Mill Creek,2/12/08,MIL SS 1,steelhead,2006-2012
SS,Mill Creek,2/12/08,MIL SS 1,steelhead,2006-2012
SS,Mill Creek,2/12/08,MIL SS 1,steelhead,2006-2012
SS,Mill Creek,2/12/08,MIL SS 4,steelhead,2006-2012
SS,Mill Creek,2/20/08,MIL SS 4,steelhead,2006-2012
SS,Mill Creek,3/5/08,MIL SS 4,steelhead,2006-2012
SS,Mill Creek,3/5/08,MIL SS 4,steelhead,2006-2012
SS,Mill Creek,3/5/08,MIL SS 4,steelhead,2006-2012
SS,Mill Creek,3/5/08,MIL SS 4,steelhead,2006-2012
SS,Mill Creek,3/5/08,MIL SS 4,steelhead,2006-2012
SS,Mill Creek,3/5/08,MIL SS 4,steelhead,2006-2012
SS,Mill Creek,3/5/08,MIL SS 4,steelhead,2006-2012
SS,Mill Creek,2/29/08,MIL SS 3,steelhead,2006-2012
SS,Mill Creek,2/29/08,MIL SS 3,steelhead,2006-2012
SS,Mill Creek,2/29/08,MIL SS 3,steelhead,2006-2012
SS,Mill Creek,2/29/08,MIL SS 3,steelhead,2006-2012
SS,Mill Creek,2/29/08,MIL SS 3,steelhead,2006-2012
SS,Mill Creek,2/29/08,MIL SS 3,steelhead,2006-2012
SS,Mill Creek,2/29/08,MIL SS 3,steelhead,2006-2012
SS,Mill Creek,2/29/08,MIL SS 3,steelhead,2006-2012
SS,Mill Creek,3/5/08,MIL SS 3,steelhead,2006-2012
SS,Mill Creek,12/20/06,MIL SS 2,steelhead,2006-2012
SS,Mill Creek,2/16/07,MIL SS 2,steelhead,2006-2012
SS,Mill Creek,2/16/07,MIL SS 2,steelhead,2006-2012
SS,Mill Creek,2/16/07,MIL SS 2,steelhead,2006-2012
SS,Mill Creek,2/16/07,MIL SS 2,steelhead,2006-2012
SS,Mill Creek,2/20/07,MIL SS 2,steelhead,2006-2012
SS,Mill Creek,2/20/07,MIL SS 2,steelhead,2006-2012
SS,Mill Creek,2/20/07,MIL SS 2,steelhead,2006-2012
SS,Mill Creek,2/20/07,MIL SS 2,steelhead,2006-2012
SS,Mill Creek,3/5/12,MIL SS 1,salmonid sp,2006-2012
SS,Mill Creek,3/5/12,MIL SS 1,steelhead,2006-2012
SS,Mill Creek,3/5/12,MIL SS 1,steelhead,2006-2012
SS,Mill Creek,3/5/12,MIL SS 1,steelhead,2006-2012
SS,Mill Creek,3/5/12,MIL SS 1,steelhead,2006-2012
SS,Mill Creek,3/5/12,MIL SS 1,steelhead,2006-2012
SS,Mill Creek,3/5/12,MIL SS 1,steelhead,2006-2012
SS,Mill Creek,3/5/12,MIL SS 1,steelhead,2006-2012
SS,Mill Creek,3/5/12,MIL SS 1,steelhead,2006-2012
SS,Mill Creek,12/11/12,MIL SS 1,Chinook salmon,2006-2012
SS,Mill Creek,12/11/12,MIL SS 1,Chinook salmon,2006-2012
SS,Mill Creek,1/16/13,MIL SS 1,steelhead,2006-2012
SS,Green Valley Creek,1/24/12,GRE SS 2,coho salmon,2006-2012
SS,Green Valley Creek,1/30/12,GRE SS 2,coho salmon,2006-2012
SS,Green Valley Creek,12/10/10,GRE SS 1,coho salmon,2006-2012
SS,Felta Creek,2/29/08,FEL SS 1,steelhead,2006-2012
SS,Dutch Bill Creek,2/3/12,DUT SS 2,coho salmon,2006-2012
SS,Mill Creek,2/8/07,MIL SS 1,steelhead,2006-2012
SS,Mill Creek,2/8/07,MIL SS 1,steelhead,2006-2012
SS,Mill Creek,2/19/07,MIL SS 1,Chinook salmon,2006-2012
SS,Mill Creek,2/19/07,MIL SS 1,steelhead,2006-2012
SS,Mill Creek,2/19/07,MIL SS 1,steelhead,2006-2012
SS,Mill Creek,2/19/07,MIL SS 1,steelhead,2006-2012
SS,Mill Creek,2/19/07,MIL SS 1,steelhead,2006-2012
SS,Mill Creek,2/19/07,MIL SS 1,steelhead,2006-2012
SS,Mill Creek,3/6/07,MIL SS 1,steelhead,2006-2012
SS,Mill Creek,1/27/12,MIL SS 1,coho salmon,2006-2012
SS,Mill Creek,1/27/12,MIL SS 1,coho salmon,2006-2012
SS,Mill Creek,1/27/12,MIL SS 1,coho salmon,2006-2012
SS,Mill Creek,1/27/12,MIL SS 1,coho salmon,2006-2012
SS,Mill Creek,1/27/12,MIL SS 1,coho salmon,2006-2012
SS,Mill Creek,1/27/12,MIL SS 1,salmonid sp,2006-2012
SS,Mill Creek,1/27/12,MIL SS 1,steelhead,2006-2012
SS,Mill Creek,1/27/12,MIL SS 1,steelhead,2006-2012
SS,Mill Creek,2/2/12,MIL SS 1,coho salmon,2006-2012
SS,Mill Creek,1/25/13,MIL SS 1,salmonid sp,2006-2012
SS,Mill Creek,1/25/13,MIL SS 1,salmonid sp,2006-2012
SS,Mill Creek,1/25/13,MIL SS 1,coho salmon,2006-2012
SS,Mill Creek,1/25/13,MIL SS 1,coho salmon,2006-2012
SS,Mill Creek,1/30/13,MIL SS 1,steelhead,2006-2012
SS,Mill Creek,1/30/13,MIL SS 1,coho salmon,2006-2012
SS,Mill Creek,1/30/13,MIL SS 1,coho salmon,2006-2012
SS,Mill Creek,1/30/13,MIL SS 1,coho salmon,2006-2012
SS,Mill Creek,2/5/13,MIL SS 1,steelhead,2006-2012
SS,Green Valley Creek,12/4/12,GRE SS 3,coho salmon,2006-2012
SS,Green Valley Creek,12/24/12,GRE SS 3,coho salmon,2006-2012
SS,Green Valley Creek,12/24/12,GRE SS 3,coho salmon,2006-2012
SS,Green Valley Creek,12/24/12,GRE SS 3,coho salmon,2006-2012
SS,Green Valley Creek,12/24/12,GRE SS 3,coho salmon,2006-2012
SS,Green Valley Creek,12/24/12,GRE SS 3,coho salmon,2006-2012
SS,Green Valley Creek,12/27/12,GRE SS 3,coho salmon,2006-2012
SS,Green Valley Creek,12/28/12,GRE SS 3,coho salmon,2006-2012
SS,Green Valley Creek,12/28/12,GRE SS 3,coho salmon,2006-2012
SS,Green Valley Creek,12/28/12,GRE SS 3,coho salmon,2006-2012
SS,Dutch Bill Creek,11/19/12,DUT SS 1,coho salmon,2006-2012
SS,Dutch Bill Creek,12/12/12,DUT SS 1,coho salmon,2006-2012
SS,Dutch Bill Creek,1/15/13,DUT SS 1,steelhead,2006-2012
SS,Dutch Bill Creek,1/15/13,DUT SS 1,steelhead,2006-2012
SS,Mill Creek,12/19/12,MIL SS 2,coho salmon,2006-2012
SS,Mill Creek,12/19/12,MIL SS 2,coho salmon,2006-2012
SS,Mill Creek,12/19/12,MIL SS 2,coho salmon,2006-2012
SS,Mill Creek,12/19/12,MIL SS 2,coho salmon,2006-2012
SS,Mill Creek,12/13/12,MIL SS 2,coho salmon,2006-2012
SS,Mill Creek,12/13/12,MIL SS 2,coho salmon,2006-2012
SS,Mill Creek,12/19/12,MIL SS 2,coho salmon,2006-2012
SS,Mill Creek,12/19/12,MIL SS 2,coho salmon,2006-2012
SS,Mill Creek,12/19/12,MIL SS 2,coho salmon,2006-2012
SS,Green Valley Creek,1/24/12,GRE SS 2,coho salmon,2006-2012
SS,Green Valley Creek,1/24/12,GRE SS 2,coho salmon,2006-2012
SS,Green Valley Creek,1/24/12,GRE SS 2,coho salmon,2006-2012
SS,Green Valley Creek,1/24/12,GRE SS 2,coho salmon,2006-2012
SS,Green Valley Creek,1/24/12,GRE SS 2,coho salmon,2006-2012
SS,Green Valley Creek,1/24/12,GRE SS 2,coho salmon,2006-2012
SS,Green Valley Creek,1/24/12,GRE SS 2,coho salmon,2006-2012
SS,Green Valley Creek,1/24/12,GRE SS 2,coho salmon,2006-2012
SS,Green Valley Creek,1/24/12,GRE SS 2,coho salmon,2006-2012
SS,Green Valley Creek,1/30/12,GRE SS 2,coho salmon,2006-2012
SS,Green Valley Creek,1/30/12,GRE SS 2,coho salmon,2006-2012
SS,Green Valley Creek,1/30/12,GRE SS 2,coho salmon,2006-2012
SS,Green Valley Creek,1/30/12,GRE SS 2,coho salmon,2006-2012
SS,Green Valley Creek,1/30/12,GRE SS 2,coho salmon,2006-2012
SS,Green Valley Creek,1/30/12,GRE SS 2,coho salmon,2006-2012
SS,Green Valley Creek,2/6/12,GRE SS 2,salmonid sp,2006-2012
SS,Green Valley Creek,2/6/12,GRE SS 2,coho salmon,2006-2012
SS,Green Valley Creek,2/6/12,GRE SS 2,coho salmon,2006-2012
SS,Green Valley Creek,1/24/12,GRE SS 2,coho salmon,2006-2012
SS,Green Valley Creek,1/24/12,GRE SS 2,coho salmon,2006-2012
SS,Green Valley Creek,1/24/12,GRE SS 2,coho salmon,2006-2012
SS,Green Valley Creek,1/30/12,GRE SS 2,coho salmon,2006-2012
SS,Green Valley Creek,1/30/12,GRE SS 2,coho salmon,2006-2012
SS,Green Valley Creek,1/30/12,GRE SS 2,coho salmon,2006-2012
SS,Green Valley Creek,1/30/12,GRE SS 2,coho salmon,2006-2012
SS,Green Valley Creek,1/30/12,GRE SS 2,coho salmon,2006-2012
SS,Green Valley Creek,1/30/12,GRE SS 2,coho salmon,2006-2012
SS,Green Valley Creek,1/30/12,GRE SS 2,coho salmon,2006-2012
SS,Green Valley Creek,1/30/12,GRE SS 2,coho salmon,2006-2012
SS,Green Valley Creek,2/6/12,GRE SS 2,steelhead,2006-2012
SS,Dutch Bill Creek,2/3/12,DUT SS 2,coho salmon,2006-2012
SS,Dutch Bill Creek,2/3/12,DUT SS 2,coho salmon,2006-2012
SS,Dutch Bill Creek,2/3/12,DUT SS 2,coho salmon,2006-2012
SS,Dutch Bill Creek,2/3/12,DUT SS 2,coho salmon,2006-2012
SS,Dutch Bill Creek,2/3/12,DUT SS 2,coho salmon,2006-2012
SS,Dutch Bill Creek,2/3/12,DUT SS 2,coho salmon,2006-2012
SS,Mill Creek,3/4/08,MIL SS 1,steelhead,2006-2012
SS,Mill Creek,3/4/08,MIL SS 1,steelhead,2006-2012
SS,Mill Creek,3/4/08,MIL SS 1,steelhead,2006-2012
SS,Mill Creek,3/4/08,MIL SS 1,steelhead,2006-2012
SS,Mill Creek,3/4/08,MIL SS 1,steelhead,2006-2012
SS,Mill Creek,3/4/08,MIL SS 1,steelhead,2006-2012
SS,Mill Creek,3/4/08,MIL SS 1,steelhead,2006-2012
SS,Mill Creek,3/4/08,MIL SS 1,steelhead,2006-2012
SS,Mill Creek,3/4/08,MIL SS 1,steelhead,2006-2012
SS,Mill Creek,1/10/13,MIL SS 2,coho salmon,2006-2012
SS,Mill Creek,2/19/08,MIL SS 1,steelhead,2006-2012
SS,Mill Creek,3/4/08,MIL SS 1,steelhead,2006-2012
SS,Mill Creek,2/4/10,MIL SS 4,coho salmon,2006-2012
SS,Mill Creek,3/5/08,MIL SS 3,steelhead,2006-2012
SS,Mill Creek,3/2/07,MIL SS 2,steelhead,2006-2012
SS,Mill Creek,3/6/07,MIL SS 1,steelhead,2006-2012
SS,Mill Creek,2/2/12,MIL SS 1,coho salmon,2006-2012
SS,Mark West Creek,2/4/09,MAR SS 1,salmonid sp,2006-2012
SS,Mill Creek,12/19/12,MIL SS 2,coho salmon,2006-2012
SS,Mill Creek,12/19/12,MIL SS 2,coho salmon,2006-2012
SS,Mill Creek,12/19/12,MIL SS 2,coho salmon,2006-2012
SS,Mill Creek,12/19/12,MIL SS 2,coho salmon,2006-2012
SS,Mill Creek,1/3/13,MIL SS 2,steelhead,2006-2012
SS,Mill Creek,1/3/13,MIL SS 2,steelhead,2006-2012
SS,Mill Creek,1/3/13,MIL SS 2,salmonid sp,2006-2012
SS,Mill Creek,1/3/13,MIL SS 2,coho salmon,2006-2012
SS,Mill Creek,1/3/13,MIL SS 2,salmonid sp,2006-2012
SS,Mill Creek,3/4/08,MIL SS 1,steelhead,2006-2012
SS,Mill Creek,3/4/08,MIL SS 1,steelhead,2006-2012
SS,Mill Creek,3/4/08,MIL SS 1,steelhead,2006-2012
SS,Mill Creek,3/4/08,MIL SS 1,steelhead,2006-2012
SS,Mill Creek,3/4/08,MIL SS 1,steelhead,2006-2012
SS,Mill Creek,3/4/08,MIL SS 1,steelhead,2006-2012
SS,Mill Creek,12/29/08,MIL SS 1,salmonid sp,2006-2012
SS,Mill Creek,12/29/08,MIL SS 1,salmonid sp,2006-2012
SS,Mill Creek,3/10/09,MIL SS 1,steelhead,2006-2012
SS,Mill Creek,3/10/09,MIL SS 1,steelhead,2006-2012
SS,Mill Creek,3/17/09,MIL SS 1,Chinook salmon,2006-2012
SS,Mill Creek,2/2/12,MIL SS 1,coho salmon,2006-2012
SS,Mill Creek,2/2/12,MIL SS 1,coho salmon,2006-2012
SS,Mill Creek,2/2/12,MIL SS 1,coho salmon,2006-2012
SS,Mill Creek,2/2/12,MIL SS 1,coho salmon,2006-2012
SS,Mill Creek,2/2/12,MIL SS 1,coho salmon,2006-2012
SS,Mill Creek,2/2/12,MIL SS 1,coho salmon,2006-2012
SS,Mill Creek,2/2/12,MIL SS 1,coho salmon,2006-2012
SS,Mill Creek,2/9/12,MIL SS 1,coho salmon,2006-2012
SS,Mill Creek,2/9/12,MIL SS 1,coho salmon,2006-2012
SS,Mark West Creek,2/4/09,MAR SS 1,salmonid sp,2006-2012
SS,Mark West Creek,2/4/09,MAR SS 1,coho salmon,2006-2012
SS,Grape Creek,12/29/10,GRP SS 1,coho salmon,2006-2012
SS,Green Valley Creek,12/4/12,GRE SS 3,coho salmon,2006-2012
SS,Green Valley Creek,12/4/12,GRE SS 3,coho salmon,2006-2012
SS,Green Valley Creek,12/4/12,GRE SS 3,coho salmon,2006-2012
SS,Green Valley Creek,12/4/12,GRE SS 3,coho salmon,2006-2012
SS,Green Valley Creek,12/4/12,GRE SS 3,coho salmon,2006-2012
SS,Green Valley Creek,12/4/12,GRE SS 3,coho salmon,2006-2012
SS,Green Valley Creek,2/6/12,GRE SS 2,coho salmon,2006-2012
SS,Green Valley Creek,2/6/12,GRE SS 2,coho salmon,2006-2012
SS,Green Valley Creek,2/13/12,GRE SS 2,coho salmon,2006-2012
SS,Green Valley Creek,2/13/12,GRE SS 2,coho salmon,2006-2012
SS,Green Valley Creek,2/13/12,GRE SS 2,steelhead,2006-2012
SS,Green Valley Creek,2/21/12,GRE SS 2,coho salmon,2006-2012
SS,Green Valley Creek,2/21/12,GRE SS 2,steelhead,2006-2012
SS,Green Valley Creek,2/21/12,GRE SS 2,coho salmon,2006-2012
SS,Green Valley Creek,2/27/12,GRE SS 2,coho salmon,2006-2012
SS,Green Valley Creek,12/10/10,GRE SS 1,coho salmon,2006-2012
SS,Green Valley Creek,12/10/10,GRE SS 1,coho salmon,2006-2012
SS,Green Valley Creek,12/10/10,GRE SS 1,coho salmon,2006-2012
SS,Green Valley Creek,12/10/10,GRE SS 1,coho salmon,2006-2012
SS,Green Valley Creek,12/10/10,GRE SS 1,coho salmon,2006-2012
SS,Green Valley Creek,12/17/10,GRE SS 1,coho salmon,2006-2012
SS,Green Valley Creek,1/20/11,GRE SS 1,steelhead,2006-2012
SS,Green Valley Creek,1/20/11,GRE SS 1,steelhead,2006-2012
SS,Felta Creek,1/28/10,FEL SS 1,steelhead,2006-2012
SS,Felta Creek,1/28/10,FEL SS 1,steelhead,2006-2012
SS,Felta Creek,2/11/10,FEL SS 1,steelhead,2006-2012
SS,Felta Creek,1/26/12,FEL SS 1,coho salmon,2006-2012
SS,Felta Creek,1/26/12,FEL SS 1,coho salmon,2006-2012
SS,Felta Creek,1/26/12,FEL SS 1,coho salmon,2006-2012
SS,Felta Creek,1/26/12,FEL SS 1,coho salmon,2006-2012
SS,Felta Creek,1/26/12,FEL SS 1,coho salmon,2006-2012
SS,Mill Creek,3/1/11,MIL SS 1,steelhead,2006-2012
SS,Mill Creek,3/1/11,MIL SS 1,steelhead,2006-2012
SS,Mill Creek,3/1/11,MIL SS 1,steelhead,2006-2012
SS,Mill Creek,3/1/11,MIL SS 1,steelhead,2006-2012
SS,Mill Creek,3/1/11,MIL SS 1,steelhead,2006-2012
SS,Mill Creek,3/1/11,MIL SS 1,steelhead,2006-2012
SS,Mill Creek,3/1/11,MIL SS 1,steelhead,2006-2012
SS,Mill Creek,1/27/12,MIL SS 1,coho salmon,2006-2012
SS,Mill Creek,1/27/12,MIL SS 1,coho salmon,2006-2012
SS,Mill Creek,3/19/08,MIL SS 1,steelhead,2006-2012
SS,Mill Creek,3/19/08,MIL SS 1,steelhead,2006-2012
SS,Mill Creek,3/19/08,MIL SS 1,steelhead,2006-2012
SS,Mill Creek,3/19/08,MIL SS 1,steelhead,2006-2012
SS,Mill Creek,3/19/08,MIL SS 1,steelhead,2006-2012
SS,Mill Creek,3/19/08,MIL SS 1,steelhead,2006-2012
SS,Mill Creek,3/19/08,MIL SS 1,steelhead,2006-2012
SS,Mill Creek,3/19/08,MIL SS 1,steelhead,2006-2012
SS,Mill Creek,12/14/06,MIL SS 1,coho salmon,2006-2012
SS,Mill Creek,12/14/06,MIL SS 1,salmonid sp,2006-2012
SS,Mill Creek,12/19/06,MIL SS 1,coho salmon,2006-2012
SS,Mill Creek,4/9/09,MIL SS 1,steelhead,2006-2012
SS,Mill Creek,2/9/12,MIL SS 1,steelhead,2006-2012
SS,Mill Creek,2/9/12,MIL SS 1,steelhead,2006-2012
SS,Mill Creek,2/17/12,MIL SS 1,coho salmon,2006-2012
SS,Mill Creek,2/17/12,MIL SS 1,coho salmon,2006-2012
SS,Mill Creek,2/17/12,MIL SS 1,salmonid sp,2006-2012
SS,Mill Creek,2/17/12,MIL SS 1,salmonid sp,2006-2012
SS,Mill Creek,2/16/10,MIL SS 1,steelhead,2006-2012
SS,Mill Creek,12/14/10,MIL SS 1,coho salmon,2006-2012
SS,Mill Creek,12/14/10,MIL SS 1,coho salmon,2006-2012
SS,Mill Creek,12/14/10,MIL SS 1,coho salmon,2006-2012
SS,Mill Creek,12/14/10,MIL SS 1,coho salmon,2006-2012
SS,Mill Creek,12/14/10,MIL SS 1,coho salmon,2006-2012
SS,Mill Creek,12/14/10,MIL SS 1,coho salmon,2006-2012
SS,Mill Creek,12/14/10,MIL SS 1,coho salmon,2006-2012
SS,Mill Creek,1/10/11,MIL SS 1,coho salmon,2006-2012
SS,Mill Creek,2/29/08,MIL SS 1,steelhead,2006-2012
SS,Mill Creek,2/29/08,MIL SS 1,steelhead,2006-2012
SS,Mill Creek,2/29/08,MIL SS 1,steelhead,2006-2012
SS,Mill Creek,2/29/08,MIL SS 1,steelhead,2006-2012
SS,Mill Creek,2/29/08,MIL SS 1,steelhead,2006-2012
SS,Mill Creek,3/4/08,MIL SS 1,steelhead,2006-2012
SS,Mill Creek,3/4/08,MIL SS 1,steelhead,2006-2012
SS,Mill Creek,3/4/08,MIL SS 1,steelhead,2006-2012
SS,Mill Creek,3/4/08,MIL SS 1,steelhead,2006-2012
SS,Mill Creek,3/4/08,MIL SS 1,steelhead,2006-2012
SS,Mill Creek,3/4/08,MIL SS 1,steelhead,2006-2012
SS,Mill Creek,3/19/08,MIL SS 1,steelhead,2006-2012
SS,Mill Creek,3/5/10,MIL SS 4,coho salmon,2006-2012
SS,Mill Creek,2/20/09,MIL SS 3,steelhead,2006-2012
SS,Mill Creek,12/7/12,MIL SS 2,coho salmon,2006-2012
SS,Mill Creek,1/10/11,MIL SS 1,coho salmon,2006-2012
SS,Mill Creek,2/24/12,MIL SS 1,steelhead,2006-2012
SS,Mill Creek,2/19/08,MIL SS 1,steelhead,2006-2012
SS,Mill Creek,2/19/08,MIL SS 1,steelhead,2006-2012
SS,Mill Creek,2/19/08,MIL SS 1,steelhead,2006-2012
SS,Mill Creek,2/19/08,MIL SS 1,steelhead,2006-2012
SS,Mill Creek,2/19/08,MIL SS 1,steelhead,2006-2012
SS,Mill Creek,2/19/08,MIL SS 1,steelhead,2006-2012
SS,Mill Creek,2/29/08,MIL SS 1,steelhead,2006-2012
SS,Mill Creek,2/29/08,MIL SS 1,steelhead,2006-2012
SS,Mill Creek,2/29/08,MIL SS 1,steelhead,2006-2012
SS,Mill Creek,3/19/08,MIL SS 1,steelhead,2006-2012
SS,Willow Creek,1/3/13,WIL SS 3,salmonid sp,2006-2012
SS,Willow Creek,1/17/13,WIL SS 3,steelhead,2006-2012
SS,Willow Creek,1/23/13,WIL SS 3,steelhead,2006-2012
SS,Willow Creek,1/23/13,WIL SS 3,steelhead,2006-2012
SS,Willow Creek,2/7/13,WIL SS 3,salmonid sp,2006-2012
SS,Sheephouse Creek,2/20/07,SHE SS 1,steelhead,2006-2012
SS,Sheephouse Creek,12/15/10,SHE SS 1,salmonid sp,2006-2012
SS,Mill Creek,3/5/10,MIL SS 4,coho salmon,2006-2012
SS,Mill Creek,3/5/10,MIL SS 4,coho salmon,2006-2012
SS,Mill Creek,3/5/10,MIL SS 4,coho salmon,2006-2012
SS,Mill Creek,3/5/10,MIL SS 4,coho salmon,2006-2012
SS,Mill Creek,1/3/11,MIL SS 4,steelhead,2006-2012
SS,Mill Creek,2/7/08,MIL SS 3,steelhead,2006-2012
SS,Mill Creek,2/7/08,MIL SS 3,steelhead,2006-2012
SS,Mill Creek,2/7/08,MIL SS 3,steelhead,2006-2012
SS,Mill Creek,2/16/07,MIL SS 3,steelhead,2006-2012
SS,Mill Creek,2/16/07,MIL SS 3,steelhead,2006-2012
SS,Mill Creek,2/20/07,MIL SS 3,steelhead,2006-2012
SS,Mill Creek,2/20/07,MIL SS 3,steelhead,2006-2012
SS,Mill Creek,2/20/07,MIL SS 3,steelhead,2006-2012
SS,Mill Creek,2/19/10,MIL SS 3,coho salmon,2006-2012
SS,Mill Creek,1/3/11,MIL SS 3,salmonid sp,2006-2012
SS,Mill Creek,1/14/08,MIL SS 2,steelhead,2006-2012
SS,Mill Creek,1/14/08,MIL SS 2,steelhead,2006-2012
SS,Palmer Creek,2/6/08,PAL SS 1,steelhead,2006-2012
SS,Palmer Creek,2/6/08,PAL SS 1,steelhead,2006-2012
SS,Palmer Creek,2/6/08,PAL SS 1,steelhead,2006-2012
SS,Palmer Creek,2/6/08,PAL SS 1,steelhead,2006-2012
SS,Palmer Creek,2/28/08,PAL SS 1,steelhead,2006-2012
SS,Palmer Creek,2/28/08,PAL SS 1,steelhead,2006-2012
SS,Palmer Creek,3/4/08,PAL SS 1,steelhead,2006-2012
SS,Palmer Creek,3/4/08,PAL SS 1,steelhead,2006-2012
SS,Palmer Creek,2/10/10,PAL SS 1,coho salmon,2006-2012
SS,Palmer Creek,2/17/10,PAL SS 1,coho salmon,2006-2012
SS,Palmer Creek,2/17/10,PAL SS 1,coho salmon,2006-2012
SS,Palmer Creek,2/23/10,PAL SS 1,coho salmon,2006-2012
SS,Palmer Creek,3/5/10,PAL SS 1,coho salmon,2006-2012
SS,Palmer Creek,3/5/10,PAL SS 1,coho salmon,2006-2012
SS,Mill Creek,2/6/08,MIL SS 4,steelhead,2006-2012
SS,Mill Creek,2/6/08,MIL SS 4,steelhead,2006-2012
SS,Mill Creek,2/6/08,MIL SS 4,salmonid sp,2006-2012
SS,Mill Creek,12/13/12,MIL SS 2,coho salmon,2006-2012
SS,Mill Creek,12/13/12,MIL SS 2,coho salmon,2006-2012
SS,Mill Creek,12/13/12,MIL SS 2,coho salmon,2006-2012
SS,Mill Creek,12/13/12,MIL SS 2,coho salmon,2006-2012
SS,Mill Creek,12/13/12,MIL SS 2,salmonid sp,2006-2012
SS,Mill Creek,12/13/12,MIL SS 2,coho salmon,2006-2012
SS,Mill Creek,12/13/12,MIL SS 2,coho salmon,2006-2012
SS,Mill Creek,12/13/12,MIL SS 2,coho salmon,2006-2012
SS,Mill Creek,12/13/12,MIL SS 2,coho salmon,2006-2012
SS,Mill Creek,1/10/11,MIL SS 1,salmonid sp,2006-2012
SS,Mill Creek,1/18/11,MIL SS 1,coho salmon,2006-2012
SS,Mill Creek,1/21/11,MIL SS 1,salmonid sp,2006-2012
SS,Mill Creek,1/21/11,MIL SS 1,salmonid sp,2006-2012
SS,Mill Creek,1/21/11,MIL SS 1,coho salmon,2006-2012
SS,Mill Creek,1/21/11,MIL SS 1,coho salmon,2006-2012
SS,Mill Creek,2/1/11,MIL SS 1,salmonid sp,2006-2012
SS,Mill Creek,3/1/11,MIL SS 1,salmonid sp,2006-2012
SS,Mill Creek,1/27/12,MIL SS 1,coho salmon,2006-2012
SS,Mill Creek,1/27/12,MIL SS 1,coho salmon,2006-2012
SS,Mill Creek,2/24/12,MIL SS 1,salmonid sp,2006-2012
SS,Mill Creek,2/24/12,MIL SS 1,salmonid sp,2006-2012
SS,Mill Creek,3/5/12,MIL SS 1,steelhead,2006-2012
SS,Mill Creek,3/5/12,MIL SS 1,salmonid sp,2006-2012
SS,Mill Creek,3/5/12,MIL SS 1,steelhead,2006-2012
SS,Mill Creek,3/5/12,MIL SS 1,salmonid sp,2006-2012
SS,Mill Creek,3/5/12,MIL SS 1,salmonid sp,2006-2012
SS,Mill Creek,2/7/08,MIL SS 3,steelhead,2006-2012
SS,Mill Creek,2/7/08,MIL SS 3,steelhead,2006-2012
SS,Mill Creek,2/7/08,MIL SS 3,steelhead,2006-2012
SS,Mill Creek,2/7/08,MIL SS 3,steelhead,2006-2012
SS,Mill Creek,2/13/08,MIL SS 3,steelhead,2006-2012
SS,Mill Creek,2/13/08,MIL SS 3,steelhead,2006-2012
SS,Mill Creek,2/20/08,MIL SS 3,steelhead,2006-2012
SS,Mill Creek,2/29/08,MIL SS 3,steelhead,2006-2012
SS,Mill Creek,2/29/08,MIL SS 3,steelhead,2006-2012
SS,Mill Creek,2/29/08,MIL SS 3,steelhead,2006-2012
SS,Mill Creek,2/29/08,MIL SS 3,steelhead,2006-2012
SS,Mill Creek,12/13/12,MIL SS 2,coho salmon,2006-2012
SS,Mill Creek,12/13/12,MIL SS 2,coho salmon,2006-2012
SS,Mill Creek,12/13/12,MIL SS 2,coho salmon,2006-2012
SS,Mill Creek,3/19/08,MIL SS 1,steelhead,2006-2012
SS,Mill Creek,3/19/08,MIL SS 1,steelhead,2006-2012
SS,Mill Creek,3/19/08,MIL SS 1,steelhead,2006-2012
SS,Mill Creek,3/19/08,MIL SS 1,steelhead,2006-2012
SS,Dutch Bill Creek,1/7/15,DUT 2,COHO SALMON,2014-2015
SS,East Austin Creek,1/13/15,EAU 1,SALMONID SP,2014-2015
SS,Green Valley Creek,1/12/15,GRE 1,COHO SALMON,2014-2015
SS,Maacama Creek,1/9/15,MAA 1,SALMONID SP,2014-2015
SS,Maacama Creek,1/9/15,MAA 1,CHINOOK SALMON,2014-2015
SS,Maacama Creek,1/14/15,MAA 4,CHINOOK SALMON,2014-2015
SS,Mill Creek,3/4/08,MIL SS 1,steelhead,2006-2012
SS,Mill Creek,3/4/08,MIL SS 1,steelhead,2006-2012
SS,Mill Creek,3/19/08,MIL SS 1,steelhead,2006-2012
SS,Mill Creek,2/4/10,MIL SS 4,salmonid sp,2006-2012
SS,Mill Creek,2/4/10,MIL SS 4,salmonid sp,2006-2012
SS,Mill Creek,2/4/10,MIL SS 4,coho salmon,2006-2012
SS,Mill Creek,2/4/10,MIL SS 4,coho salmon,2006-2012
SS,Mill Creek,2/16/10,MIL SS 4,coho salmon,2006-2012
SS,Mill Creek,2/23/10,MIL SS 4,coho salmon,2006-2012
SS,Mill Creek,2/23/10,MIL SS 4,salmonid sp,2006-2012
SS,Mill Creek,3/5/10,MIL SS 4,steelhead,2006-2012
SS,Mill Creek,3/5/08,MIL SS 3,steelhead,2006-2012
SS,Mill Creek,3/5/08,MIL SS 3,steelhead,2006-2012
SS,Mill Creek,3/5/08,MIL SS 3,steelhead,2006-2012
SS,Mill Creek,3/5/08,MIL SS 3,steelhead,2006-2012
SS,Mill Creek,3/5/08,MIL SS 3,steelhead,2006-2012
SS,Mill Creek,3/5/08,MIL SS 3,steelhead,2006-2012
SS,Mill Creek,2/20/09,MIL SS 3,salmonid sp,2006-2012
SS,Mill Creek,2/20/09,MIL SS 3,salmonid sp,2006-2012
SS,Mill Creek,2/20/09,MIL SS 3,salmonid sp,2006-2012
SS,Mill Creek,3/2/07,MIL SS 2,steelhead,2006-2012
SS,Mill Creek,2/11/10,MIL SS 2,salmonid sp,2006-2012
SS,Mill Creek,2/14/12,MIL SS 2,steelhead,2006-2012
SS,Mill Creek,2/14/12,MIL SS 2,steelhead,2006-2012
SS,Mill Creek,2/22/12,MIL SS 2,steelhead,2006-2012
SS,Mill Creek,2/22/12,MIL SS 2,steelhead,2006-2012
SS,Mill Creek,2/22/12,MIL SS 2,steelhead,2006-2012
SS,Mill Creek,12/7/12,MIL SS 2,coho salmon,2006-2012
SS,Mill Creek,12/7/12,MIL SS 2,coho salmon,2006-2012
SS,Mill Creek,3/6/07,MIL SS 1,steelhead,2006-2012
SS,Mill Creek,12/29/08,MIL SS 1,steelhead,2006-2012
SS,Mill Creek,12/29/08,MIL SS 1,coho salmon,2006-2012
SS,Mill Creek,12/29/08,MIL SS 1,coho salmon,2006-2012
SS,Pena Creek,12/8/14,PEN 4,SALMONID SP,2014-2015
SS,Pena Creek,12/8/14,PEN 4,SALMONID SP,2014-2015
SS,Pena Creek,12/8/14,PEN 4,SALMONID SP,2014-2015
SS,Pena Creek,12/8/14,PEN 4,SALMONID SP,2014-2015
SS,Pena Creek,12/8/14,PEN 4,SALMONID SP,2014-2015
SS,Pena Creek,12/8/14,PEN 4,SALMONID SP,2014-2015
SS,Pena Creek,12/8/14,PEN 4,SALMONID SP,2014-2015
SS,Pena Creek,12/8/14,PEN 4,CHINOOK SALMON,2014-2015
SS,Pena Creek,12/8/14,PEN 4,CHINOOK SALMON,2014-2015
SS,Pena Creek,12/8/14,PEN 4,CHINOOK SALMON,2014-2015
SS,Pena Creek,12/8/14,PEN 4,CHINOOK SALMON,2014-2015
SS,Pena Creek,12/8/14,PEN 4,CHINOOK SALMON,2014-2015
SS,Pena Creek,12/8/14,PEN 4,SALMONID SP,2014-2015
SS,Pena Creek,12/8/14,PEN 4,SALMONID SP,2014-2015
SS,Pena Creek,12/8/14,PEN 4,SALMONID SP,2014-2015
SS,Pena Creek,12/8/14,PEN 4,SALMONID SP,2014-2015
SS,Willow Creek,12/8/14,WIL 3,STEELHEAD,2014-2015
SS,Willow Creek,12/8/14,WIL 3,SALMONID SP,2014-2015
SS,Green Valley Creek,12/9/14,GRE 1,COHO SALMON,2014-2015
SS,Green Valley Creek,12/9/14,GRE 2,SALMONID SP,2014-2015
SS,Pena Creek,12/9/14,PEN 1,CHINOOK SALMON,2014-2015
SS,Mill Creek,12/10/14,MIL 2,SALMONID SP,2014-2015
SS,Mill Creek,12/10/14,MIL 2,SALMONID SP,2014-2015
SS,Green Valley Creek,12/22/14,GRE 2,COHO SALMON,2014-2015
SS,Green Valley Creek,12/22/14,GRE 2,COHO SALMON,2014-2015
SS,Green Valley Creek,12/22/14,GRE 2,COHO SALMON,2014-2015
SS,Green Valley Creek,12/22/14,GRE 2,COHO SALMON,2014-2015
SS,Green Valley Creek,12/22/14,GRE 2,COHO SALMON,2014-2015
SS,Green Valley Creek,12/22/14,GRE 2,COHO SALMON,2014-2015
SS,Green Valley Creek,12/22/14,GRE 2,COHO SALMON,2014-2015
SS,Green Valley Creek,12/22/14,GRE 2,COHO SALMON,2014-2015
SS,Pena Creek,12/22/14,PEN 3,SALMONID SP,2014-2015
SS,Pena Creek,12/22/14,PEN 3,CHINOOK SALMON,2014-2015
SS,Pena Creek,12/22/14,PEN 3,CHINOOK SALMON,2014-2015
SS,Pena Creek,12/22/14,PEN 3,CHINOOK SALMON,2014-2015
SS,Mark West Creek,1/12/15,10-Mar,COHO SALMON,2014-2015
SS,Mark West Creek,1/12/15,12-Mar,SALMONID SP,2014-2015
SS,Mill Creek,1/7/15,MIL 1,CHINOOK SALMON,2014-2015
SS,Redwood Creek,1/9/15,RED 1,CHINOOK SALMON,2014-2015
SS,Redwood Creek,1/9/15,RED 1,SALMONID SP,2014-2015
SS,Redwood Creek,1/9/15,RED 2,CHINOOK SALMON,2014-2015
SS,Willow Creek,1/8/15,WIL 3,STEELHEAD,2014-2015
SS,Willow Creek,1/8/15,WIL 3,COHO SALMON,2014-2015
SS,Willow Creek,1/8/15,WIL 3,COHO SALMON,2014-2015
SS,Willow Creek,1/8/15,WIL 3,COHO SALMON,2014-2015
SS,Willow Creek,1/8/15,WIL 3,COHO SALMON,2014-2015
SS,Willow Creek,1/8/15,WIL 3,STEELHEAD,2014-2015
SS,Willow Creek,1/8/15,WIL 3,SALMONID SP,2014-2015
SS,Willow Creek,1/8/15,WIL 4,COHO SALMON,2014-2015
SS,Willow Creek,1/8/15,WIL 4,COHO SALMON,2014-2015
SS,Austin Creek,1/27/15,AUS 7,STEELHEAD,2014-2015
SS,Dutch Bill Creek,1/21/15,DUT 1,COHO SALMON,2014-2015
SS,Dutch Bill Creek,1/21/15,DUT 1,COHO SALMON,2014-2015
SS,Dutch Bill Creek,1/21/15,DUT 1,COHO SALMON,2014-2015
SS,Dutch Bill Creek,1/21/15,DUT 2,COHO SALMON,2014-2015
SS,Dutch Bill Creek,1/21/15,DUT 2,SALMONID SP,2014-2015
SS,Green Valley Creek,1/27/15,GRE 1,COHO SALMON,2014-2015
SS,Green Valley Creek,1/27/15,GRE 1,COHO SALMON,2014-2015
SS,Green Valley Creek,1/15/15,GRE 2,COHO SALMON,2014-2015
SS,Green Valley Creek,1/15/15,GRE 2,SALMONID SP,2014-2015
SS,Maacama Creek,1/28/15,MAA 4,STEELHEAD,2014-2015
SS,Maacama Creek,1/28/15,MAA 4,SALMONID SP,2014-2015
SS,Mark West Creek,1/26/15,10-Mar,SALMONID SP,2014-2015
SS,Mill Creek,1/20/15,MIL 3,COHO SALMON,2014-2015
SS,Pena Creek,1/16/15,PEN 1,CHINOOK SALMON,2014-2015
SS,Pena Creek,1/16/15,PEN 1,CHINOOK SALMON,2014-2015
SS,Pena Creek,1/16/15,PEN 1,CHINOOK SALMON,2014-2015
SS,Pena Creek,1/16/15,PEN 1,CHINOOK SALMON,2014-2015
SS,Pena Creek,1/16/15,PEN 1,CHINOOK SALMON,2014-2015
SS,Pena Creek,1/16/15,PEN 1,CHINOOK SALMON,2014-2015
SS,Pena Creek,1/16/15,PEN 1,SALMONID SP,2014-2015
SS,Pena Creek,1/16/15,PEN 1,SALMONID SP,2014-2015
SS,Pena Creek,1/16/15,PEN 1,STEELHEAD,2014-2015
SS,Pena Creek,1/15/15,PEN 3,CHINOOK SALMON,2014-2015
SS,Pena Creek,1/15/15,PEN 3,SALMONID SP,2014-2015
SS,Pena Creek,1/15/15,PEN 3,CHINOOK SALMON,2014-2015
SS,Pena Creek,1/15/15,PEN 3,SALMONID SP,2014-2015
SS,Pena Creek,1/15/15,PEN 4,CHINOOK SALMON,2014-2015
SS,Pena Creek,1/15/15,PEN 4,CHINOOK SALMON,2014-2015
SS,Pena Creek,1/15/15,PEN 4,CHINOOK SALMON,2014-2015
SS,Pena Creek,1/15/15,PEN 4,CHINOOK SALMON,2014-2015
SS,Pena Creek,1/15/15,PEN 4,CHINOOK SALMON,2014-2015
SS,Pena Creek,1/15/15,PEN 4,CHINOOK SALMON,2014-2015
SS,Pena Creek,1/15/15,PEN 4,CHINOOK SALMON,2014-2015
SS,Pena Creek,1/15/15,PEN 4,CHINOOK SALMON,2014-2015
SS,Pena Creek,1/15/15,PEN 5,CHINOOK SALMON,2014-2015
SS,Woods Creek,1/15/15,WOO 1,CHINOOK SALMON,2014-2015
SS,Redwood Creek,1/23/15,RED 1,CHINOOK SALMON,2014-2015
SS,Redwood Creek,1/23/15,RED 1,CHINOOK SALMON,2014-2015
SS,Woods Creek,1/29/15,WOO 1,CHINOOK SALMON,2014-2015
SS,Dutch Bill Creek,2/3/15,DUT 1,COHO SALMON,2014-2015
SS,Dutch Bill Creek,2/3/15,DUT 2,COHO SALMON,2014-2015
SS,Green Valley Creek,1/30/15,GRE 2,COHO SALMON,2014-2015
SS,Pena Creek,2/2/15,PEN 1,CHINOOK SALMON,2014-2015
SS,Pena Creek,1/29/15,PEN 3,CHINOOK SALMON,2014-2015
SS,Pena Creek,1/29/15,PEN 4,CHINOOK SALMON,2014-2015
SS,Pena Creek,1/29/15,PEN 4,SALMONID SP,2014-2015
SS,Purrington Creek,1/29/15,PUR 1,COHO SALMON,2014-2015
SS,Redwood Creek,2/5/15,RED 1,CHINOOK SALMON,2014-2015
SS,Austin Creek,2/17/15,AUS 5,COHO SALMON,2014-2015
SS,Austin Creek,2/17/15,AUS 7,STEELHEAD,2014-2015
SS,Green Valley Creek,2/13/12,GRE SS 1,coho salmon,2006-2012
SS,Green Valley Creek,2/21/12,GRE SS 1,salmonid sp,2006-2012
SS,Green Valley Creek,2/27/12,GRE SS 1,steelhead,2006-2012
SS,Felta Creek,2/1/12,FEL SS 1,coho salmon,2006-2012
SS,Felta Creek,2/1/12,FEL SS 1,coho salmon,2006-2012
SS,Felta Creek,2/1/12,FEL SS 1,coho salmon,2006-2012
SS,Felta Creek,2/17/12,FEL SS 1,steelhead,2006-2012
SS,Felta Creek,2/17/12,FEL SS 1,salmonid sp,2006-2012
SS,Felta Creek,2/17/12,FEL SS 1,salmonid sp,2006-2012
SS,Felta Creek,2/17/12,FEL SS 1,salmonid sp,2006-2012
SS,Felta Creek,2/17/12,FEL SS 1,salmonid sp,2006-2012
SS,Felta Creek,2/17/12,FEL SS 1,coho salmon,2006-2012
SS,Dutch Bill Creek,12/6/12,DUT SS 2,coho salmon,2006-2012
SS,Dutch Bill Creek,12/12/12,DUT SS 2,steelhead,2006-2012
SS,Dutch Bill Creek,1/15/13,DUT SS 2,salmonid sp,2006-2012
SS,Dutch Bill Creek,2/14/08,DUT SS 1,steelhead,2006-2012
SS,Dutch Bill Creek,2/14/08,DUT SS 1,salmonid sp,2006-2012
SS,Dutch Bill Creek,11/18/10,DUT SS 1,steelhead,2006-2012
SS,Dutch Bill Creek,12/13/10,DUT SS 1,coho salmon,2006-2012
SS,Dutch Bill Creek,12/13/10,DUT SS 1,coho salmon,2006-2012
SS,Dutch Bill Creek,12/13/10,DUT SS 1,coho salmon,2006-2012
SS,Dutch Bill Creek,1/7/11,DUT SS 1,steelhead,2006-2012
SS,Dutch Bill Creek,1/7/11,DUT SS 1,steelhead,2006-2012
SS,Dutch Bill Creek,1/7/11,DUT SS 1,coho salmon,2006-2012
SS,Green Valley Creek,2/27/12,GRE SS 2,coho salmon,2006-2012
SS,Green Valley Creek,12/4/12,GRE SS 2,coho salmon,2006-2012
SS,Green Valley Creek,12/4/12,GRE SS 2,coho salmon,2006-2012
SS,Green Valley Creek,12/4/12,GRE SS 2,coho salmon,2006-2012
SS,Green Valley Creek,12/10/12,GRE SS 2,coho salmon,2006-2012
SS,Green Valley Creek,12/10/12,GRE SS 2,coho salmon,2006-2012
SS,Green Valley Creek,12/10/12,GRE SS 2,salmonid sp,2006-2012
SS,Green Valley Creek,12/10/12,GRE SS 2,salmonid sp,2006-2012
SS,Green Valley Creek,12/10/12,GRE SS 2,coho salmon,2006-2012
SS,Mill Creek,12/20/12,MIL SS 1,coho salmon,2006-2012
SS,Mill Creek,12/20/12,MIL SS 1,Chinook salmon,2006-2012
SS,Mill Creek,12/20/12,MIL SS 1,coho salmon,2006-2012
SS,Mill Creek,1/4/13,MIL SS 1,Chinook salmon,2006-2012
SS,Mill Creek,1/4/13,MIL SS 1,coho salmon,2006-2012
SS,Mill Creek,1/4/13,MIL SS 1,coho salmon,2006-2012
SS,Mill Creek,1/4/13,MIL SS 1,coho salmon,2006-2012
SS,Mill Creek,1/4/13,MIL SS 1,steelhead,2006-2012
SS,Mill Creek,1/10/13,MIL SS 1,steelhead,2006-2012
SS,Green Valley Creek,12/28/12,GRE SS 3,coho salmon,2006-2012
SS,Green Valley Creek,12/28/12,GRE SS 3,coho salmon,2006-2012
SS,Green Valley Creek,1/2/13,GRE SS 3,coho salmon,2006-2012
SS,Green Valley Creek,1/2/13,GRE SS 3,coho salmon,2006-2012
SS,Green Valley Creek,1/9/13,GRE SS 3,coho salmon,2006-2012
SS,Green Valley Creek,1/9/13,GRE SS 3,coho salmon,2006-2012
SS,Green Valley Creek,1/14/13,GRE SS 3,coho salmon,2006-2012
SS,Green Valley Creek,1/24/12,GRE SS 2,coho salmon,2006-2012
SS,Green Valley Creek,1/30/12,GRE SS 2,coho salmon,2006-2012
SS,Green Valley Creek,1/30/12,GRE SS 2,coho salmon,2006-2012
SS,Green Valley Creek,1/30/12,GRE SS 2,coho salmon,2006-2012
SS,Mill Creek,1/16/13,MIL SS 2,steelhead,2006-2012
SS,Mill Creek,1/16/13,MIL SS 2,steelhead,2006-2012
SS,Mill Creek,1/16/13,MIL SS 2,coho salmon,2006-2012
SS,Mill Creek,1/16/13,MIL SS 2,steelhead,2006-2012
SS,Mill Creek,1/24/13,MIL SS 2,steelhead,2006-2012
SS,Mill Creek,1/30/13,MIL SS 2,steelhead,2006-2012
SS,Mill Creek,1/30/13,MIL SS 2,steelhead,2006-2012
SS,Mill Creek,2/6/13,MIL SS 2,Steelhead,2006-2012
SS,PENA CREEK,2/3/16,PEN 4,STEELHEAD,2015-2016
SS,GRAPE CREEK,2/4/16,GRP 1,STEELHEAD,2015-2016
SS,HULBERT CREEK,2/5/16,HUL 3,STEELHEAD,2015-2016
SS,Pena Creek,12/22/14,PEN 3,STEELHEAD,2014-2015
SS,Pena Creek,12/22/14,PEN 3,CHINOOK SALMON,2014-2015
SS,Pena Creek,12/22/14,PEN 3,STEELHEAD,2014-2015
SS,Pena Creek,12/22/14,PEN 3,STEELHEAD,2014-2015
SS,Pena Creek,12/22/14,PEN 4,CHINOOK SALMON,2014-2015
SS,Pena Creek,12/22/14,PEN 4,SALMONID SP,2014-2015
SS,Pena Creek,12/22/14,PEN 4,STEELHEAD,2014-2015
SS,Pena Creek,12/22/14,PEN 4,SALMONID SP,2014-2015
SS,Pena Creek,12/22/14,PEN 4,SALMONID SP,2014-2015
SS,Pena Creek,12/22/14,PEN 4,SALMONID SP,2014-2015
SS,Pena Creek,12/22/14,PEN 4,CHINOOK SALMON,2014-2015
SS,Pena Creek,12/22/14,PEN 4,CHINOOK SALMON,2014-2015
SS,Pena Creek,12/22/14,PEN 4,STEELHEAD,2014-2015
SS,Pena Creek,12/22/14,PEN 4,STEELHEAD,2014-2015
SS,Pena Creek,12/22/14,PEN 4,STEELHEAD,2014-2015
SS,Pena Creek,12/22/14,PEN 4,SALMONID SP,2014-2015
SS,Pena Creek,12/22/14,PEN 4,SALMONID SP,2014-2015
SS,Pena Creek,12/22/14,PEN 4,SALMONID SP,2014-2015
SS,Pena Creek,12/22/14,PEN 4,SALMONID SP,2014-2015
SS,Pena Creek,12/22/14,PEN 4,SALMONID SP,2014-2015
SS,Pena Creek,12/22/14,PEN 4,SALMONID SP,2014-2015
SS,Pena Creek,12/22/14,PEN 4,SALMONID SP,2014-2015
SS,Pena Creek,12/22/14,PEN 4,SALMONID SP,2014-2015
SS,Pena Creek,12/22/14,PEN 4,SALMONID SP,2014-2015
SS,Pena Creek,12/22/14,PEN 4,SALMONID SP,2014-2015
SS,Pena Creek,12/22/14,PEN 4,SALMONID SP,2014-2015
SS,Pena Creek,12/22/14,PEN 4,SALMONID SP,2014-2015
SS,Pena Creek,12/22/14,PEN 4,STEELHEAD,2014-2015
SS,Pena Creek,12/22/14,PEN 4,SALMONID SP,2014-2015
SS,Pena Creek,12/22/14,PEN 4,SALMONID SP,2014-2015
SS,Pena Creek,12/22/14,PEN 4,SALMONID SP,2014-2015
SS,Pena Creek,12/22/14,PEN 4,SALMONID SP,2014-2015
SS,Pena Creek,12/22/14,PEN 5,CHINOOK SALMON,2014-2015
SS,Pena Creek,12/22/14,PEN 5,CHINOOK SALMON,2014-2015
SS,Pena Creek,12/22/14,PEN 5,CHINOOK SALMON,2014-2015
SS,Woods Creek,12/22/14,WOO 1,CHINOOK SALMON,2014-2015
SS,Woods Creek,12/22/14,WOO 1,CHINOOK SALMON,2014-2015
SS,Woods Creek,12/22/14,WOO 1,CHINOOK SALMON,2014-2015
SS,Woods Creek,12/22/14,WOO 1,CHINOOK SALMON,2014-2015
SS,Woods Creek,12/22/14,WOO 1,CHINOOK SALMON,2014-2015
SS,Woods Creek,12/22/14,WOO 1,CHINOOK SALMON,2014-2015
SS,Woods Creek,12/22/14,WOO 1,CHINOOK SALMON,2014-2015
SS,Woods Creek,12/22/14,WOO 1,CHINOOK SALMON,2014-2015
SS,Woods Creek,12/22/14,WOO 1,CHINOOK SALMON,2014-2015
SS,Woods Creek,12/22/14,WOO 1,CHINOOK SALMON,2014-2015
SS,Woods Creek,12/22/14,WOO 1,CHINOOK SALMON,2014-2015
SS,Woods Creek,12/22/14,WOO 1,CHINOOK SALMON,2014-2015
SS,Woods Creek,12/22/14,WOO 1,SALMONID SP,2014-2015
SS,Woods Creek,12/22/14,WOO 1,SALMONID SP,2014-2015
SS,Woods Creek,12/22/14,WOO 1,CHINOOK SALMON,2014-2015
SS,Woods Creek,12/22/14,WOO 1,CHINOOK SALMON,2014-2015
SS,Woods Creek,12/22/14,WOO 1,CHINOOK SALMON,2014-2015
SS,Woods Creek,12/22/14,WOO 1,CHINOOK SALMON,2014-2015
SS,Mill Creek,12/23/14,MIL 3,COHO SALMON,2014-2015
SS,Pena Creek,12/23/14,PEN 1,CHINOOK SALMON,2014-2015
SS,Pena Creek,12/23/14,PEN 1,CHINOOK SALMON,2014-2015
SS,Pena Creek,12/23/14,PEN 1,CHINOOK SALMON,2014-2015
SS,Pena Creek,12/23/14,PEN 1,CHINOOK SALMON,2014-2015
SS,Pena Creek,12/23/14,PEN 1,CHINOOK SALMON,2014-2015
SS,Pena Creek,12/23/14,PEN 1,CHINOOK SALMON,2014-2015
SS,Felta Creek,12/23/14,FEL 1,COHO SALMON,2014-2015
SS,Pena Creek,12/23/14,PEN 3,SALMONID SP,2014-2015
SS,Pena Creek,12/23/14,PEN 3,SALMONID SP,2014-2015
SS,Pena Creek,12/23/14,PEN 3,SALMONID SP,2014-2015
SS,Pena Creek,12/23/14,PEN 3,SALMONID SP,2014-2015
SS,Pena Creek,12/23/14,PEN 3,SALMONID SP,2014-2015
SS,Pena Creek,12/23/14,PEN 3,SALMONID SP,2014-2015
SS,Pena Creek,12/23/14,PEN 3,SALMONID SP,2014-2015
SS,Pena Creek,12/23/14,PEN 3,SALMONID SP,2014-2015
SS,Austin Creek,2/17/15,AUS 7,STEELHEAD,2014-2015
SS,Austin Creek,2/17/15,AUS 7,STEELHEAD,2014-2015
SS,Green Valley Creek,2/11/15,GRE 2,STEELHEAD,2014-2015
SS,Green Valley Creek,2/11/15,GRE 2,STEELHEAD,2014-2015
SS,Maacama Creek,2/18/15,MAA 4,STEELHEAD,2014-2015
SS,Maacama Creek,2/18/15,MAA 4,STEELHEAD,2014-2015
SS,Maacama Creek,2/18/15,MAA 4,STEELHEAD,2014-2015
SS,Maacama Creek,2/18/15,MAA 4,STEELHEAD,2014-2015
SS,Maacama Creek,2/18/15,MAA 4,STEELHEAD,2014-2015
SS,Mill Creek,2/19/15,MIL 1,COHO SALMON,2014-2015
SS,Mill Creek,2/19/15,MIL 1,SALMONID SP,2014-2015
SS,Mill Creek,2/19/15,MIL 2,STEELHEAD,2014-2015
SS,Pena Creek,2/18/15,PEN 1,SALMONID SP,2014-2015
SS,Pena Creek,2/18/15,PEN 1,STEELHEAD,2014-2015
SS,Pena Creek,2/18/15,PEN 1,STEELHEAD,2014-2015
SS,Pena Creek,2/18/15,PEN 1,STEELHEAD,2014-2015
SS,Pena Creek,2/18/15,PEN 1,STEELHEAD,2014-2015
SS,Pena Creek,2/18/15,PEN 1,STEELHEAD,2014-2015
SS,Pena Creek,2/18/15,PEN 1,STEELHEAD,2014-2015
SS,Pena Creek,2/13/15,PEN 3,STEELHEAD,2014-2015
SS,Pena Creek,2/13/15,PEN 3,STEELHEAD,2014-2015
SS,Pena Creek,2/13/15,PEN 3,SALMONID SP,2014-2015
SS,Pena Creek,2/13/15,PEN 3,SALMONID SP,2014-2015
SS,Pena Creek,2/13/15,PEN 5,STEELHEAD,2014-2015
SS,Pena Creek,2/13/15,PEN 5,STEELHEAD,2014-2015
SS,Pena Creek,2/13/15,PEN 5,CHINOOK SALMON,2014-2015
SS,Woods Creek,2/13/15,WOO 1,STEELHEAD,2014-2015
SS,Woods Creek,2/13/15,WOO 1,STEELHEAD,2014-2015
SS,Woods Creek,2/13/15,WOO 1,STEELHEAD,2014-2015
SS,Green Valley Creek,2/25/15,GRE 2,STEELHEAD,2014-2015
SS,Mark West Creek,2/24/15,14-Mar,PACIFIC LAMPREY,2014-2015
SS,Mill Creek,2/26/15,MIL 2,STEELHEAD,2014-2015
SS,Pena Creek,2/26/15,PEN 1,SALMONID SP,2014-2015
SS,Pena Creek,2/26/15,PEN 1,STEELHEAD,2014-2015
SS,Pena Creek,2/26/15,PEN 1,STEELHEAD,2014-2015
SS,Pena Creek,2/26/15,PEN 1,STEELHEAD,2014-2015
SS,Pena Creek,2/26/15,PEN 1,STEELHEAD,2014-2015
SS,Pena Creek,2/26/15,PEN 1,STEELHEAD,2014-2015
SS,Pena Creek,2/26/15,PEN 1,STEELHEAD,2014-2015
SS,Pena Creek,2/25/15,PEN 4,STEELHEAD,2014-2015
SS,Woods Creek,2/25/15,WOO 1,STEELHEAD,2014-2015
SS,Mill Creek,3/3/15,MIL 1,SALMONID SP,2014-2015
SS,Mill Creek,3/16/15,MIL 1,COHO SALMON,2014-2015
SS,Mill Creek,3/16/15,MIL 1,SALMONID SP,2014-2015
SS,Mill Creek,3/16/15,MIL 1,STEELHEAD,2014-2015
SS,Mill Creek,3/16/15,MIL 1,STEELHEAD,2014-2015
SS,Mill Creek,3/16/15,MIL 1,STEELHEAD,2014-2015
SS,Pena Creek,3/13/15,PEN 1,STEELHEAD,2014-2015
SS,Pena Creek,3/13/15,PEN 1,STEELHEAD,2014-2015
SS,Pena Creek,3/10/15,PEN 3,STEELHEAD,2014-2015
SS,Pena Creek,3/11/15,PEN 4,STEELHEAD,2014-2015
SS,Pena Creek,3/11/15,PEN 4,STEELHEAD,2014-2015
SS,Porter Creek,3/9/15,POR 1,STEELHEAD,2014-2015
SS,Woods Creek,3/11/15,WOO 1,STEELHEAD,2014-2015
SS,Green Valley Creek,3/20/15,GRE 1,STEELHEAD,2014-2015
SS,Green Valley Creek,3/17/15,GRE 2,PACIFIC LAMPREY,2014-2015
SS,Green Valley Creek,3/17/15,GRE 2,PACIFIC LAMPREY,2014-2015
SS,Maacama Creek,3/23/15,MAA 4,STEELHEAD,2014-2015
SS,Redwood Creek,3/23/15,RED 2,STEELHEAD,2014-2015
SS,Redwood Creek,3/23/15,RED 2,STEELHEAD,2014-2015
SS,Redwood Creek,3/23/15,RED 2,STEELHEAD,2014-2015
SS,Willow Creek,3/17/15,WIL 3,STEELHEAD,2014-2015
SS,Mill Creek,3/30/15,MIL 1,STEELHEAD,2014-2015
SS,Mill Creek,3/30/15,MIL 1,STEELHEAD,2014-2015
SS,Mill Creek,3/26/15,MIL 2,STEELHEAD,2014-2015
SS,Pena Creek,3/26/15,PEN 1,STEELHEAD,2014-2015
SS,Pena Creek,3/26/15,PEN 1,STEELHEAD,2014-2015
SS,Pena Creek,3/26/15,PEN 1,STEELHEAD,2014-2015
SS,Pena Creek,3/26/15,PEN 1,STEELHEAD,2014-2015
SS,Pena Creek,3/26/15,PEN 1,STEELHEAD,2014-2015
SS,DUTCH BILL CREEK,12/28/15,DUT 1,SALMONID SP,2015-2016
SS,GREEN VALLEY CREEK,12/24/15,GRE 2,COHO SALMON,2015-2016
SS,GREEN VALLEY CREEK,12/24/15,GRE 2,COHO SALMON,2015-2016
SS,PENA CREEK,12/29/15,PEN 3,CHINOOK SALMON,2015-2016
SS,PENA CREEK,12/29/15,PEN 3,CHINOOK SALMON,2015-2016
SS,PENA CREEK,12/29/15,PEN 3,CHINOOK SALMON,2015-2016
SS,PENA CREEK,12/29/15,PEN 4,COHO SALMON,2015-2016
SS,PENA CREEK,12/29/15,PEN 4,CHINOOK SALMON,2015-2016
SS,PENA CREEK,12/29/15,PEN 4,CHINOOK SALMON,2015-2016
SS,PENA CREEK,12/29/15,PEN 4,CHINOOK SALMON,2015-2016
SS,PENA CREEK,12/29/15,PEN 4,CHINOOK SALMON,2015-2016
SS,PENA CREEK,12/29/15,PEN 4,CHINOOK SALMON,2015-2016
SS,PENA CREEK,12/29/15,PEN 4,COHO SALMON,2015-2016
SS,AUSTIN CREEK,12/31/15,AUS 6,SALMONID SP,2015-2016
SS,WILLOW CREEK,1/3/16,WIL 3,COHO SALMON,2015-2016
SS,WILLOW CREEK,1/3/16,WIL 4,COHO SALMON,2015-2016
SS,MILL CREEK,1/4/16,MIL 2,COHO SALMON,2015-2016
SS,MILL CREEK,1/4/16,MIL 2,COHO SALMON,2015-2016
SS,GRAY CREEK,1/8/16,GRA 1,COHO SALMON,2015-2016
SS,GRAY CREEK,1/8/16,GRA 2,COHO SALMON,2015-2016
SS,GRAY CREEK,1/8/16,GRA 2,COHO SALMON,2015-2016
SS,GREEN VALLEY CREEK,1/11/16,GRE 2,COHO SALMON,2015-2016
SS,GREEN VALLEY CREEK,1/11/16,GRE 2,COHO SALMON,2015-2016
SS,NUTTY VALLEY CREEK,1/11/16,GRE 2,COHO SALMON,2015-2016
SS,PENA CREEK,1/12/16,PEN 4,STEELHEAD,2015-2016
SS,PENA CREEK,1/12/16,PEN 4,STEELHEAD,2015-2016
SS,PENA CREEK,1/12/16,PEN 4,STEELHEAD,2015-2016
SS,PENA CREEK,1/12/16,PEN 4,STEELHEAD,2015-2016
SS,PENA CREEK,1/12/16,PEN 4,CHINOOK SALMON,2015-2016
SS,PENA CREEK,1/12/16,PEN 4,CHINOOK SALMON,2015-2016
SS,PENA CREEK,1/12/16,PEN 4,STEELHEAD,2015-2016
SS,PENA CREEK,1/12/16,PEN 4,STEELHEAD,2015-2016
SS,PENA CREEK,1/12/16,PEN 4,STEELHEAD,2015-2016
SS,PENA CREEK,1/12/16,PEN 4,CHINOOK SALMON,2015-2016
SS,PENA CREEK,1/12/16,PEN 4,COHO SALMON,2015-2016
SS,PORTER CREEK,1/12/16,POR 1,COHO SALMON,2015-2016
SS,PORTER CREEK,1/12/16,POR 1,COHO SALMON,2015-2016
SS,PORTER CREEK,1/12/16,POR 1,COHO SALMON,2015-2016
SS,PORTER CREEK,1/12/16,POR 2,COHO SALMON,2015-2016
SS,PORTER CREEK,1/12/16,POR 2,COHO SALMON,2015-2016
SS,PORTER CREEK,1/12/16,POR 2,STEELHEAD,2015-2016
SS,WINE CREEK,1/8/16,WIN 1,STEELHEAD,2015-2016
SS,WINE CREEK,1/8/16,WIN 1,STEELHEAD,2015-2016
SS,WINE CREEK,1/8/16,WIN 1,STEELHEAD,2015-2016
SS,WINE CREEK,1/8/16,WIN 1,COHO SALMON,2015-2016
SS,WINE CREEK,1/8/16,WIN 1,COHO SALMON,2015-2016
SS,WINE CREEK,1/8/16,WIN 1,STEELHEAD,2015-2016
SS,WOODS CREEK,1/12/16,WOO 1,STEELHEAD,2015-2016
SS,MILL CREEK,1/21/16,MIL 4,STEELHEAD,2015-2016
SS,MILL CREEK,1/21/16,MIL 4,STEELHEAD,2015-2016
SS,REDWOOD CREEK,1/14/16,RED 1,CHINOOK SALMON,2015-2016
SS,REDWOOD CREEK,1/14/16,RED 1,COHO SALMON,2015-2016
SS,REDWOOD CREEK,1/14/16,RED 1,COHO SALMON,2015-2016
SS,WOODS CREEK,1/12/16,WOO 1,CHINOOK SALMON,2015-2016
SS,WOODS CREEK,1/12/16,WOO 1,CHINOOK SALMON,2015-2016
SS,AUSTIN CREEK,1/26/16,AUS 5,STEELHEAD,2015-2016
SS,AUSTIN CREEK,1/26/16,AUS 5,STEELHEAD,2015-2016
SS,AUSTIN CREEK,1/26/16,AUS 5,STEELHEAD,2015-2016
SS,AUSTIN CREEK,1/26/16,AUS 5,STEELHEAD,2015-2016
SS,DUTCH BILL CREEK,1/25/16,DUT 1,STEELHEAD,2015-2016
SS,DUTCH BILL CREEK,1/25/16,DUT 1,STEELHEAD,2015-2016
SS,FELTA CREEK,1/21/16,FEL 1,COHO SALMON,2015-2016
SS,FELTA CREEK,1/21/16,FEL 1,COHO SALMON,2015-2016
SS,FELTA CREEK,1/21/16,FEL 1,STEELHEAD,2015-2016
SS,FELTA CREEK,1/21/16,FEL 1,STEELHEAD,2015-2016
SS,FELTA CREEK,1/21/16,FEL 1,COHO SALMON,2015-2016
SS,FELTA CREEK,1/21/16,FEL 1,COHO SALMON,2015-2016
SS,GILLIAM CREEK,1/21/16,GIL 1,COHO SALMON,2015-2016
SS,MARK WEST CREEK,2/8/16,12-Mar,STEELHEAD,2015-2016
SS,MARK WEST CREEK,2/8/16,9-Mar,STEELHEAD,2015-2016
SS,MARK WEST CREEK,2/8/16,9-Mar,STEELHEAD,2015-2016
SS,MARK WEST CREEK,2/8/16,9-Mar,STEELHEAD,2015-2016
SS,MILL CREEK,2/4/16,MIL1.5,STEELHEAD,2015-2016
SS,PORTER CREEK,2/5/16,POR 2,STEELHEAD,2015-2016
SS,PORTER CREEK,2/5/16,POR 3,STEELHEAD,2015-2016
SS,PORTER CREEK,2/5/16,POR 3,STEELHEAD,2015-2016
SS,AUSTIN CREEK,2/10/16,AUS 5,STEELHEAD,2015-2016
SS,AUSTIN CREEK,2/10/16,AUS 6,COHO SALMON,2015-2016
SS,AUSTIN CREEK,2/10/16,AUS 6,COHO SALMON,2015-2016
SS,AUSTIN CREEK,2/10/16,AUS 6,SALMONID SP,2015-2016
SS,AUSTIN CREEK,2/10/16,AUS 6,COHO SALMON,2015-2016
SS,HULBERT CREEK,2/17/16,HUL 3,STEELHEAD,2015-2016
SS,PENA CREEK,2/16/16,PEN 1,STEELHEAD,2015-2016
SS,PENA CREEK,2/16/16,PEN 1,STEELHEAD,2015-2016
SS,PENA CREEK,2/16/16,PEN 1,STEELHEAD,2015-2016
SS,PENA CREEK,2/16/16,PEN 1,STEELHEAD,2015-2016
SS,PENA CREEK,2/16/16,PEN 1,STEELHEAD,2015-2016
SS,PENA CREEK,2/16/16,PEN 1,STEELHEAD,2015-2016
SS,PENA CREEK,2/16/16,PEN 1,STEELHEAD,2015-2016
SS,PENA CREEK,2/16/16,PEN 3,STEELHEAD,2015-2016
SS,PENA CREEK,2/16/16,PEN 4,STEELHEAD,2015-2016
SS,PENA CREEK,2/16/16,PEN 4,STEELHEAD,2015-2016
SS,REDWOOD CREEK,2/10/16,RED 1,STEELHEAD,2015-2016
SS,AUSTIN CREEK,2/23/16,AUS 6,SALMONID SP,2015-2016
SS,FELTA CREEK,2/18/16,FEL 1,SALMONID SP,2015-2016
SS,MARK WEST CREEK,2/23/16,12-Mar,SALMONID SP,2015-2016
SS,MARK WEST CREEK,2/23/16,12-Mar,SALMONID SP,2015-2016
SS,REDWOOD CREEK,2/22/16,RED 1,SALMONID SP,2015-2016
SS,HULBERT CREEK,2/26/16,HUL 3,SALMONID SP,2015-2016
SS,PENA CREEK,2/25/16,PEN 1,STEELHEAD,2015-2016
SS,PENA CREEK,2/25/16,PEN 1,STEELHEAD,2015-2016
SS,PENA CREEK,2/25/16,PEN 1,STEELHEAD,2015-2016
SS,PENA CREEK,2/25/16,PEN 1,STEELHEAD,2015-2016
SS,PENA CREEK,2/25/16,PEN 3,SALMONID SP,2015-2016
SS,PECHACO CREEK,2/25/16,PEC 1,SALMONID SP,2015-2016
SS,PENA CREEK,2/25/16,PEN 4,STEELHEAD,2015-2016
SS,PENA CREEK,2/25/16,PEN 4,STEELHEAD,2015-2016
SS,AUSTIN CREEK,3/3/16,AUS 6,STEELHEAD,2015-2016
SS,AUSTIN CREEK,3/3/16,AUS 6,PACIFIC LAMPREY,2015-2016
SS,AUSTIN CREEK,3/3/16,AUS 6,PACIFIC LAMPREY,2015-2016
SS,GRAPE CREEK,3/4/16,GRP 1,STEELHEAD,2015-2016
SS,GRAPE CREEK,3/4/16,GRP 1,SALMONID SP,2015-2016
SS,GRAPE CREEK,3/16/16,GRP 1,STEELHEAD,2015-2016
SS,GRAPE CREEK,3/16/16,GRP 1,STEELHEAD,2015-2016
SS,GRAPE CREEK,3/16/16,GRP 1,STEELHEAD,2015-2016
SS,GRAPE CREEK,3/16/16,GRP 1,STEELHEAD,2015-2016
SS,GRAPE CREEK,3/16/16,GRP 1,STEELHEAD,2015-2016
SS,WINE CREEK,3/16/16,WIN 1,STEELHEAD,2015-2016
SS,HULBERT CREEK,3/17/16,HUL 3,STEELHEAD,2015-2016
SS,HULBERT CREEK,3/17/16,HUL 3,STEELHEAD,2015-2016
SS,HULBERT CREEK,3/17/16,HUL 3,STEELHEAD,2015-2016
SS,PENA CREEK,3/18/16,PEN 1,STEELHEAD,2015-2016
SS,PENA CREEK,3/18/16,PEN 1,STEELHEAD,2015-2016
SS,PENA CREEK,3/18/16,PEN 1,STEELHEAD,2015-2016
SS,PENA CREEK,3/18/16,PEN 1,STEELHEAD,2015-2016
SS,PENA CREEK,3/18/16,PEN 1,STEELHEAD,2015-2016
SS,PENA CREEK,3/18/16,PEN 1,STEELHEAD,2015-2016
SS,PENA CREEK,3/18/16,PEN 1,STEELHEAD,2015-2016
SS,PENA CREEK,3/18/16,PEN 1,STEELHEAD,2015-2016
SS,PENA CREEK,3/18/16,PEN 1,STEELHEAD,2015-2016
SS,PENA CREEK,3/18/16,PEN 1,STEELHEAD,2015-2016
SS,PENA CREEK,3/18/16,PEN 1,STEELHEAD,2015-2016
SS,PENA CREEK,3/18/16,PEN 1,STEELHEAD,2015-2016
SS,PENA CREEK,3/18/16,PEN 1,STEELHEAD,2015-2016
SS,PENA CREEK,3/18/16,PEN 1,STEELHEAD,2015-2016
SS,PENA CREEK,3/18/16,PEN 1,STEELHEAD,2015-2016
SS,PENA CREEK,3/18/16,PEN 1,STEELHEAD,2015-2016
SS,PENA CREEK,3/18/16,PEN 1,STEELHEAD,2015-2016
SS,PENA CREEK,3/18/16,PEN 1,STEELHEAD,2015-2016
SS,Pena Creek,12/23/14,PEN 3,COHO SALMON,2014-2015
SS,Pena Creek,12/23/14,PEN 3,COHO SALMON,2014-2015
SS,Pena Creek,12/23/14,PEN 3,COHO SALMON,2014-2015
SS,Purrington Creek,12/23/14,PUR 1,COHO SALMON,2014-2015
SS,Purrington Creek,12/23/14,PUR 1,COHO SALMON,2014-2015
SS,Purrington Creek,12/23/14,PUR 1,COHO SALMON,2014-2015
SS,Purrington Creek,12/23/14,PUR 1,COHO SALMON,2014-2015
SS,Dutch Bill Creek,12/24/14,DUT 1,COHO SALMON,2014-2015
SS,Dutch Bill Creek,12/24/14,DUT 2,COHO SALMON,2014-2015
SS,Dutch Bill Creek,12/24/14,DUT 2,COHO SALMON,2014-2015
SS,Dutch Bill Creek,12/24/14,DUT 2,COHO SALMON,2014-2015
SS,Dutch Bill Creek,12/24/14,DUT 2,COHO SALMON,2014-2015
SS,Mill Creek,12/24/14,MIL 1,CHINOOK SALMON,2014-2015
SS,Mill Creek,12/24/14,MIL 1,SALMONID SP,2014-2015
SS,Green Valley Creek,12/30/14,GRE 1,COHO SALMON,2014-2015
SS,Green Valley Creek,12/30/14,GRE 1,COHO SALMON,2014-2015
SS,Green Valley Creek,12/30/14,GRE 1,COHO SALMON,2014-2015
SS,Green Valley Creek,1/5/15,GRE 2,COHO SALMON,2014-2015
SS,Green Valley Creek,1/5/15,GRE 2,COHO SALMON,2014-2015
SS,Green Valley Creek,1/5/15,GRE 2,SALMONID SP,2014-2015
SS,Green Valley Creek,1/5/15,GRE 2,SALMONID SP,2014-2015
SS,Green Valley Creek,12/22/14,GRE 2,COHO SALMON,2014-2015
SS,Green Valley Creek,12/22/14,GRE 2,SALMONID SP,2014-2015
SS,Mark West Creek,12/30/14,10-Mar,COHO SALMON,2014-2015
SS,Mark West Creek,12/30/14,10-Mar,COHO SALMON,2014-2015
SS,Mill Creek,1/6/15,MIL 2,CHINOOK SALMON,2014-2015
SS,Mill Creek,1/6/15,MIL 2,COHO SALMON,2014-2015
SS,Mill Creek,1/6/15,MIL 2,COHO SALMON,2014-2015
SS,Mill Creek,1/6/15,MIL 2,COHO SALMON,2014-2015
SS,Mill Creek,1/6/15,MIL 2,COHO SALMON,2014-2015
SS,Mill Creek,1/6/15,MIL 2,COHO SALMON,2014-2015
SS,Mill Creek,1/6/15,MIL 2,COHO SALMON,2014-2015
SS,Mill Creek,1/6/15,MIL 2,COHO SALMON,2014-2015
SS,Pena Creek,1/6/15,PEN 1,SALMONID SP,2014-2015
SS,Pena Creek,1/6/15,PEN 1,CHINOOK SALMON,2014-2015
SS,Pena Creek,1/6/15,PEN 1,CHINOOK SALMON,2014-2015
SS,Pena Creek,1/6/15,PEN 1,CHINOOK SALMON,2014-2015
SS,Pena Creek,1/6/15,PEN 1,CHINOOK SALMON,2014-2015
SS,Pena Creek,1/6/15,PEN 1,COHO SALMON,2014-2015
SS,Pena Creek,1/5/15,PEN 3,CHINOOK SALMON,2014-2015
SS,Pena Creek,1/5/15,PEN 3,CHINOOK SALMON,2014-2015
SS,Pena Creek,1/5/15,PEN 3,CHINOOK SALMON,2014-2015
SS,Pena Creek,1/5/15,PEN 3,CHINOOK SALMON,2014-2015
SS,Pena Creek,1/5/15,PEN 3,CHINOOK SALMON,2014-2015
SS,Pena Creek,1/5/15,PEN 3,CHINOOK SALMON,2014-2015
SS,Pena Creek,1/5/15,PEN 3,COHO SALMON,2014-2015
SS,Pena Creek,1/5/15,PEN 3,COHO SALMON,2014-2015
SS,Pena Creek,1/5/15,PEN 3,COHO SALMON,2014-2015
SS,Pena Creek,1/5/15,PEN 3,COHO SALMON,2014-2015
SS,Pena Creek,1/5/15,PEN 3,SALMONID SP,2014-2015
SS,Pena Creek,1/5/15,PEN 3,CHINOOK SALMON,2014-2015
SS,Pena Creek,1/5/15,PEN 3,CHINOOK SALMON,2014-2015
SS,Pena Creek,1/5/15,PEN 3,CHINOOK SALMON,2014-2015
SS,Pena Creek,1/5/15,PEN 3,CHINOOK SALMON,2014-2015
SS,Pena Creek,1/5/15,PEN 3,CHINOOK SALMON,2014-2015
SS,Pena Creek,1/5/15,PEN 4,CHINOOK SALMON,2014-2015
SS,Pena Creek,1/5/15,PEN 4,CHINOOK SALMON,2014-2015
SS,Pena Creek,1/5/15,PEN 4,CHINOOK SALMON,2014-2015
SS,Pena Creek,1/5/15,PEN 4,CHINOOK SALMON,2014-2015
SS,Pena Creek,1/5/15,PEN 4,CHINOOK SALMON,2014-2015
SS,Pena Creek,1/5/15,PEN 4,CHINOOK SALMON,2014-2015
SS,Pena Creek,1/5/15,PEN 4,CHINOOK SALMON,2014-2015
SS,Pena Creek,1/5/15,PEN 4,CHINOOK SALMON,2014-2015
SS,Pena Creek,1/5/15,PEN 4,CHINOOK SALMON,2014-2015
SS,Pena Creek,1/5/15,PEN 4,CHINOOK SALMON,2014-2015
SS,Pena Creek,1/5/15,PEN 4,CHINOOK SALMON,2014-2015
SS,Pena Creek,1/5/15,PEN 4,CHINOOK SALMON,2014-2015
SS,Pena Creek,1/5/15,PEN 4,CHINOOK SALMON,2014-2015
SS,Pena Creek,1/5/15,PEN 4,CHINOOK SALMON,2014-2015
SS,Pena Creek,1/5/15,PEN 4,CHINOOK SALMON,2014-2015
SS,Pena Creek,1/5/15,PEN 5,CHINOOK SALMON,2014-2015
SS,Pena Creek,1/5/15,PEN 5,CHINOOK SALMON,2014-2015
SS,Woods Creek,1/5/15,WOO 1,CHINOOK SALMON,2014-2015
SS,Woods Creek,1/5/15,WOO 1,CHINOOK SALMON,2014-2015
SS,Woods Creek,1/5/15,WOO 1,CHINOOK SALMON,2014-2015
SS,Woods Creek,1/5/15,WOO 1,CHINOOK SALMON,2014-2015
SS,Woods Creek,1/5/15,WOO 1,CHINOOK SALMON,2014-2015
SS,Woods Creek,1/5/15,WOO 1,CHINOOK SALMON,2014-2015
SS,Willow Creek,12/29/14,WIL 3,SALMONID SP,2014-2015
SS,Willow Creek,12/29/14,WIL 3,STEELHEAD,2014-2015
SS,Willow Creek,12/29/14,WIL 3,STEELHEAD,2014-2015
SS,Willow Creek,12/29/14,WIL 3,STEELHEAD,2014-2015
SS,Willow Creek,12/29/14,WIL 3,STEELHEAD,2014-2015
SS,Willow Creek,12/29/14,WIL 3,STEELHEAD,2014-2015
SS,Willow Creek,12/29/14,WIL 4,COHO SALMON,2014-2015
SS,Willow Creek,12/29/14,WIL 4,COHO SALMON,2014-2015
SS,Willow Creek,12/29/14,WIL 4,STEELHEAD,2014-2015
SS,Willow Creek,12/29/14,WIL 4,STEELHEAD,2014-2015
SS,Dutch Bill Creek,1/7/15,DUT 1,SALMONID SP,2014-2015
SS,Dutch Bill Creek,1/7/15,DUT 1,COHO SALMON,2014-2015
SS,Dutch Bill Creek,1/7/15,DUT 2,COHO SALMON,2014-2015
SS,Dutch Bill Creek,1/7/15,DUT 2,COHO SALMON,2014-2015
SS,GILLIAM CREEK,1/21/16,GIL 1,COHO SALMON,2015-2016
SS,GILLIAM CREEK,1/21/16,GIL 1,STEELHEAD,2015-2016
SS,GILLIAM CREEK,1/21/16,GIL 1,STEELHEAD,2015-2016
SS,GREEN VALLEY CREEK,1/26/16,GRE 2,COHO SALMON,2015-2016
SS,MILL CREEK,1/25/16,MIL 2,STEELHEAD,2015-2016
SS,MILL CREEK,1/25/16,MIL 2,SALMONID SP,2015-2016
SS,MILL CREEK,1/25/16,MIL 2,STEELHEAD,2015-2016
SS,PENA CREEK,1/27/16,PEN 1,CHINOOK SALMON,2015-2016
SS,PENA CREEK,1/27/16,PEN 3,CHINOOK SALMON,2015-2016
SS,PENA CREEK,1/27/16,PEN 3,STEELHEAD,2015-2016
SS,PENA CREEK,1/27/16,PEN 3,COHO SALMON,2015-2016
SS,PENA CREEK,1/27/16,PEN 3,COHO SALMON,2015-2016
SS,PENA CREEK,1/27/16,PEN 3,COHO SALMON,2015-2016
SS,PENA CREEK,1/27/16,PEN 3,COHO SALMON,2015-2016
SS,PENA CREEK,1/27/16,PEN 4,SALMONID SP,2015-2016
SS,PENA CREEK,1/27/16,PEN 4,STEELHEAD,2015-2016
SS,PENA CREEK,1/27/16,PEN 4,STEELHEAD,2015-2016
SS,PENA CREEK,1/27/16,PEN 4,STEELHEAD,2015-2016
SS,PENA CREEK,1/27/16,PEN 4,STEELHEAD,2015-2016
SS,PENA CREEK,1/27/16,PEN 5,SALMONID SP,2015-2016
SS,WOODS CREEK,1/27/16,WOO 1,STEELHEAD,2015-2016
SS,WOODS CREEK,1/27/16,WOO 1,STEELHEAD,2015-2016
SS,PURRINGTON CREEK,1/26/16,PUR 1,STEELHEAD,2015-2016
SS,PURRINGTON CREEK,1/26/16,PUR 1,STEELHEAD,2015-2016
SS,WINE CREEK,1/21/16,WIN 1,STEELHEAD,2015-2016
SS,WINE CREEK,1/21/16,WIN 1,STEELHEAD,2015-2016
SS,WINE CREEK,1/21/16,WIN 1,STEELHEAD,2015-2016
SS,WINE CREEK,1/21/16,WIN 1,STEELHEAD,2015-2016
SS,WINE CREEK,1/21/16,WIN 1,STEELHEAD,2015-2016
SS,WINE CREEK,1/21/16,WIN 1,STEELHEAD,2015-2016
SS,WINE CREEK,1/21/16,WIN 1,STEELHEAD,2015-2016
SS,WINE CREEK,1/21/16,WIN 1,STEELHEAD,2015-2016
SS,WINE CREEK,1/21/16,WIN 1,STEELHEAD,2015-2016
SS,GREEN VALLEY CREEK,2/2/16,GRE 1,STEELHEAD,2015-2016
SS,GRAPE CREEK,1/29/16,GRP 1,STEELHEAD,2015-2016
SS,MARK WEST CREEK,1/28/16,11-Mar,COHO SALMON,2015-2016
SS,MILL CREEK,1/28/16,MIL 1,STEELHEAD,2015-2016
SS,MILL CREEK,1/28/16,MIL 1,STEELHEAD,2015-2016
SS,MILL CREEK,1/28/16,MIL 1,STEELHEAD,2015-2016
SS,MILL CREEK,1/28/16,MIL 1,STEELHEAD,2015-2016
SS,PORTER CREEK,1/28/16,POR 1,STEELHEAD,2015-2016
SS,PORTER CREEK,1/28/16,POR 1,SALMONID SP,2015-2016
SS,HULBERT CREEK,1/28/16,HUL 3,STEELHEAD,2015-2016
SS,HULBERT CREEK,1/28/16,HUL 3,CHINOOK SALMON,2015-2016
SS,PORTER CREEK,1/28/16,POR 2,STEELHEAD,2015-2016
SS,PORTER CREEK,1/28/16,POR 2,STEELHEAD,2015-2016
SS,PORTER CREEK,1/28/16,POR 2,STEELHEAD,2015-2016
SS,PURRINGTON CREEK,2/2/16,PUR 1,STEELHEAD,2015-2016
SS,PURRINGTON CREEK,2/2/16,PUR 1,STEELHEAD,2015-2016
SS,REDWOOD CREEK,1/29/16,RED 1,CHINOOK SALMON,2015-2016
SS,MARK WEST CREEK,2/3/16,14-Mar,STEELHEAD,2015-2016
SS,MARK WEST CREEK,2/3/16,14-Mar,SALMONID SP,2015-2016
SS,PENA CREEK,2/3/16,PEN 1,STEELHEAD,2015-2016
SS,PENA CREEK,2/3/16,PEN 1,STEELHEAD,2015-2016
SS,PENA CREEK,2/3/16,PEN 1,STEELHEAD,2015-2016
SS,PENA CREEK,2/3/16,PEN 1,CHINOOK SALMON,2015-2016
SS,PENA CREEK,2/3/16,PEN 1,STEELHEAD,2015-2016
SS,PENA CREEK,2/3/16,PEN 1,STEELHEAD,2015-2016
SS,PENA CREEK,2/3/16,PEN 1,STEELHEAD,2015-2016
SS,PENA CREEK,2/3/16,PEN 1,STEELHEAD,2015-2016
SS,PENA CREEK,2/3/16,PEN 1,STEELHEAD,2015-2016
SS,PENA CREEK,2/3/16,PEN 1,STEELHEAD,2015-2016
SS,PENA CREEK,2/3/16,PEN 1,STEELHEAD,2015-2016
SS,PENA CREEK,2/3/16,PEN 1,STEELHEAD,2015-2016
SS,PENA CREEK,2/3/16,PEN 1,STEELHEAD,2015-2016
SS,PENA CREEK,2/3/16,PEN 1,STEELHEAD,2015-2016
SS,PENA CREEK,2/3/16,PEN 3,STEELHEAD,2015-2016
SS,PENA CREEK,2/3/16,PEN 3,STEELHEAD,2015-2016
SS,PENA CREEK,2/3/16,PEN 4,STEELHEAD,2015-2016
SS,PENA CREEK,2/3/16,PEN 4,STEELHEAD,2015-2016
SS,PENA CREEK,2/3/16,PEN 4,STEELHEAD,2015-2016
SS,Pena Creek,3/26/15,PEN 1,STEELHEAD,2014-2015
SS,Pena Creek,3/26/15,PEN 1,STEELHEAD,2014-2015
SS,Pena Creek,3/26/15,PEN 1,STEELHEAD,2014-2015
SS,Pena Creek,3/26/15,PEN 1,STEELHEAD,2014-2015
SS,Pena Creek,3/25/15,PEN 3,STEELHEAD,2014-2015
SS,Pena Creek,3/25/15,PEN 4,STEELHEAD,2014-2015
SS,Pena Creek,3/25/15,PEN 4,STEELHEAD,2014-2015
SS,Pena Creek,3/25/15,PEN 4,STEELHEAD,2014-2015
SS,Pena Creek,3/25/15,PEN 4,STEELHEAD,2014-2015
SS,Woods Creek,3/25/15,WOO 1,STEELHEAD,2014-2015
SS,Mark West Creek,4/1/15,10-Mar,STEELHEAD,2014-2015
SS,Mark West Creek,4/1/15,10-Mar,STEELHEAD,2014-2015
SS,Mark West Creek,4/1/15,10-Mar,STEELHEAD,2014-2015
SS,Mark West Creek,4/1/15,10-Mar,STEELHEAD,2014-2015
SS,Mill Creek,4/13/15,MIL 1,STEELHEAD,2014-2015
SS,Mill Creek,4/13/15,MIL 2,SALMONID SP,2014-2015
SS,Pena Creek,4/13/15,PEN 1,STEELHEAD,2014-2015
SS,Pena Creek,4/13/15,PEN 1,STEELHEAD,2014-2015
SS,Pena Creek,4/13/15,PEN 1,STEELHEAD,2014-2015
SS,Pena Creek,4/9/15,PEN 3,SALMONID SP,2014-2015
SS,Pena Creek,2/11/14,PEN 1,COHO SALMON,2013-2014
SS,Pena Creek,2/11/14,PEN 1,COHO SALMON,2013-2014
SS,Pena Creek,2/11/14,PEN 1,COHO SALMON,2013-2014
SS,Pena Creek,2/11/14,PEN 1,STEELHEAD,2013-2014
SS,Pena Creek,2/11/14,PEN 1,STEELHEAD,2013-2014
SS,Pena Creek,2/11/14,PEN 1,SALMONID SP,2013-2014
SS,Pena Creek,2/11/14,PEN 1,CHINOOK SALMON,2013-2014
SS,Pena Creek,2/11/14,PEN 1,COHO SALMON,2013-2014
SS,Pena Creek,2/11/14,PEN 1,COHO SALMON,2013-2014
SS,Felta Creek,2/10/14,FEL 1,COHO SALMON,2013-2014
SS,Felta Creek,2/10/14,FEL 1,COHO SALMON,2013-2014
SS,Grape Creek,2/10/14,GRP 2,STEELHEAD,2013-2014
SS,Pena Creek,2/18/14,PEN 4,STEELHEAD,2013-2014
SS,Pena Creek,2/18/14,PEN 3,STEELHEAD,2013-2014
SS,Pena Creek,2/18/14,PEN 3,COHO SALMON,2013-2014
SS,Pena Creek,2/18/14,PEN 3,STEELHEAD,2013-2014
SS,Pena Creek,2/18/14,PEN 3,COHO SALMON,2013-2014
SS,Pena Creek,2/18/14,PEN 3,COHO SALMON,2013-2014
SS,Mill Creek,2/19/14,MIL 1,STEELHEAD,2013-2014
SS,Mill Creek,2/19/14,MIL 1,STEELHEAD,2013-2014
SS,Mill Creek,2/19/14,MIL 1,STEELHEAD,2013-2014
SS,Mill Creek,2/19/14,MIL 1,STEELHEAD,2013-2014
SS,Mill Creek,2/19/14,MIL 1,COHO SALMON,2013-2014
SS,Pena Creek,2/24/14,PEN 1,STEELHEAD,2013-2014
SS,Pena Creek,2/24/14,PEN 1,SALMONID SP,2013-2014
SS,Pena Creek,2/24/14,PEN 1,SALMONID SP,2013-2014
SS,Pena Creek,2/24/14,PEN 1,COHO SALMON,2013-2014
SS,Mill Creek,2/25/14,MIL 2,SALMONID SP,2013-2014
SS,Pena Creek,2/26/14,PEN 4,COHO SALMON,2013-2014
SS,Pena Creek,2/26/14,PEN 3,COHO SALMON,2013-2014
SS,Pena Creek,2/26/14,PEN 3,STEELHEAD,2013-2014
SS,Pechaco Creek,3/3/14,PEC 1,STEELHEAD,2013-2014
SS,Pechaco Creek,3/3/14,PEC 1,STEELHEAD,2013-2014
SS,Pechaco Creek,3/3/14,PEC 1,STEELHEAD,2013-2014
SS,Pena Creek,3/5/14,PEN 1,COHO SALMON,2013-2014
SS,Grape Creek,3/5/14,GRP 1,STEELHEAD,2013-2014
SS,Pechaco Creek,3/10/14,PEC 1,STEELHEAD,2013-2014
SS,Pechaco Creek,3/10/14,PEC 1,STEELHEAD,2013-2014
SS,Woods Creek,3/10/14,WOO 1,STEELHEAD,2013-2014
SS,Woods Creek,3/10/14,WOO 1,STEELHEAD,2013-2014
SS,Woods Creek,3/10/14,WOO 1,STEELHEAD,2013-2014
SS,Pena Creek,3/11/14,PEN 4,STEELHEAD,2013-2014
SS,Pena Creek,3/11/14,PEN 4,STEELHEAD,2013-2014
SS,Pena Creek,3/11/14,PEN 3,SALMONID SP,2013-2014
SS,Mill Creek,3/12/14,MIL 1,STEELHEAD,2013-2014
SS,Mill Creek,3/27/14,MIL 3,STEELHEAD,2013-2014
SS,Felta Creek,4/3/14,FEL 1,STEELHEAD,2013-2014
SS,Woods Creek,4/9/14,WOO 1,STEELHEAD,2013-2014
SS,Felta Creek,4/15/14,FEL 1,STEELHEAD,2013-2014
SS,Dutch Bill Creek,2/12/14,DUT 1,COHO SALMON,2013-2014
SS,Dutch Bill Creek,2/12/14,DUT 1,STEELHEAD,2013-2014
SS,PENA CREEK,3/18/16,PEN 3,STEELHEAD,2015-2016
SS,PENA CREEK,3/18/16,PEN 4,STEELHEAD,2015-2016
SS,PENA CREEK,3/18/16,PEN 4,STEELHEAD,2015-2016
SS,PENA CREEK,3/18/16,PEN 4,STEELHEAD,2015-2016
SS,PENA CREEK,3/18/16,PEN 5,STEELHEAD,2015-2016
SS,PENA CREEK,3/18/16,PEN 5,STEELHEAD,2015-2016
SS,PENA CREEK,3/18/16,PEN 5,STEELHEAD,2015-2016
SS,PENA CREEK,3/18/16,PEN 5,STEELHEAD,2015-2016
SS,PENA CREEK,3/18/16,PEN 5,STEELHEAD,2015-2016
SS,WOODS CREEK,3/18/16,WOO 1,STEELHEAD,2015-2016
SS,WOODS CREEK,3/18/16,WOO 1,STEELHEAD,2015-2016
SS,WOODS CREEK,3/18/16,WOO 1,STEELHEAD,2015-2016
SS,WOODS CREEK,3/18/16,WOO 1,STEELHEAD,2015-2016
SS,WOODS CREEK,3/18/16,WOO 1,STEELHEAD,2015-2016
SS,GRAPE CREEK,3/28/16,GRP 1,STEELHEAD,2015-2016
SS,GRAPE CREEK,3/28/16,GRP 1,STEELHEAD,2015-2016
SS,GRAPE CREEK,3/28/16,GRP 1,STEELHEAD,2015-2016
SS,GRAPE CREEK,3/28/16,GRP 1,STEELHEAD,2015-2016
SS,GRAPE CREEK,3/28/16,GRP 1,STEELHEAD,2015-2016
SS,GRAPE CREEK,3/28/16,GRP 1,STEELHEAD,2015-2016
SS,GRAPE CREEK,3/28/16,GRP 1,STEELHEAD,2015-2016
SS,GRAPE CREEK,3/28/16,GRP 1,STEELHEAD,2015-2016
SS,GRAPE CREEK,3/28/16,GRP 1,STEELHEAD,2015-2016
SS,PENA CREEK,3/30/16,PEN 1,STEELHEAD,2015-2016
SS,PENA CREEK,3/30/16,PEN 1,STEELHEAD,2015-2016
SS,PENA CREEK,3/30/16,PEN 1,STEELHEAD,2015-2016
SS,PENA CREEK,3/30/16,PEN 1,STEELHEAD,2015-2016
SS,PENA CREEK,3/30/16,PEN 1,STEELHEAD,2015-2016
SS,PENA CREEK,3/30/16,PEN 1,STEELHEAD,2015-2016
SS,PENA CREEK,3/30/16,PEN 1,STEELHEAD,2015-2016
SS,PENA CREEK,3/30/16,PEN 1,STEELHEAD,2015-2016
SS,PENA CREEK,3/30/16,PEN 3,STEELHEAD,2015-2016
SS,PENA CREEK,3/30/16,PEN 4,STEELHEAD,2015-2016
SS,PENA CREEK,3/30/16,PEN 4,STEELHEAD,2015-2016
SS,PENA CREEK,3/30/16,PEN 4,STEELHEAD,2015-2016
SS,PENA CREEK,3/30/16,PEN 4,SALMONID SP,2015-2016
SS,PENA CREEK,3/30/16,PEN 4,STEELHEAD,2015-2016
SS,MILL CREEK,3/31/16,MIL 1,STEELHEAD,2015-2016
SS,GRAPE CREEK,4/13/16,GRP 1,STEELHEAD,2015-2016
SS,HULBERT CREEK,4/13/16,HUL 3,STEELHEAD,2015-2016
SS,MILL CREEK,4/11/16,MIL 3,STEELHEAD,2015-2016
SS,PENA CREEK,4/14/16,PEN 1,STEELHEAD,2015-2016
SS,PENA CREEK,11/10/16,PEN 3,CHINOOK SALMON,2016-2017
SS,PENA CREEK,11/10/16,PEN 3,CHINOOK SALMON,2016-2017
SS,PENA CREEK,11/10/16,PEN 4,SALMONID SP,2016-2017
SS,PENA CREEK,11/10/16,PEN 4,CHINOOK SALMON,2016-2017
SS,PENA CREEK,11/10/16,PEN 4,CHINOOK SALMON,2016-2017
SS,PENA CREEK,11/10/16,PEN 4,CHINOOK SALMON,2016-2017
SS,PENA CREEK,11/10/16,PEN 4,CHINOOK SALMON,2016-2017
SS,PENA CREEK,11/10/16,PEN 4,CHINOOK SALMON,2016-2017
SS,PENA CREEK,11/10/16,PEN 4,CHINOOK SALMON,2016-2017
SS,DUTCH BILL CREEK,11/22/16,DUT 2,COHO SALMON,2016-2017
SS,PENA CREEK,11/23/16,PEN 1,CHINOOK SALMON,2016-2017
SS,MILL CREEK,11/30/16,MIL 3,COHO SALMON,2016-2017
SS,MILL CREEK,11/30/16,MIL 3,COHO SALMON,2016-2017
SS,MILL CREEK,11/30/16,MIL 3,COHO SALMON,2016-2017
SS,PENA CREEK,11/23/16,PEN 3,CHINOOK SALMON,2016-2017
SS,PENA CREEK,11/23/16,PEN 3,CHINOOK SALMON,2016-2017
SS,PENA CREEK,11/23/16,PEN 3,CHINOOK SALMON,2016-2017
SS,PENA CREEK,11/23/16,PEN 3,CHINOOK SALMON,2016-2017
SS,PENA CREEK,11/23/16,PEN 3,CHINOOK SALMON,2016-2017
SS,PENA CREEK,11/23/16,PEN 3,CHINOOK SALMON,2016-2017
SS,PENA CREEK,11/23/16,PEN 3,CHINOOK SALMON,2016-2017
SS,PENA CREEK,11/23/16,PEN 3,CHINOOK SALMON,2016-2017
SS,PENA CREEK,11/23/16,PEN 3,CHINOOK SALMON,2016-2017
SS,PENA CREEK,11/23/16,PEN 3,CHINOOK SALMON,2016-2017
SS,PENA CREEK,11/23/16,PEN 3,CHINOOK SALMON,2016-2017
SS,PENA CREEK,11/23/16,PEN 3,CHINOOK SALMON,2016-2017
SS,PENA CREEK,11/23/16,PEN 3,CHINOOK SALMON,2016-2017
SS,PENA CREEK,11/23/16,PEN 3,CHINOOK SALMON,2016-2017
SS,Dutch Bill Creek,2/12/14,DUT 1,STEELHEAD,2013-2014
SS,Dutch Bill Creek,2/12/14,DUT 2,COHO SALMON,2013-2014
SS,Dutch Bill Creek,2/12/14,DUT 2,COHO SALMON,2013-2014
SS,Dutch Bill Creek,2/12/14,DUT 2,CHINOOK SALMON,2013-2014
SS,Dutch Bill Creek,2/12/14,DUT 2,COHO SALMON,2013-2014
SS,Dutch Bill Creek,2/12/14,DUT 2,COHO SALMON,2013-2014
SS,Dutch Bill Creek,2/12/14,DUT 2,COHO SALMON,2013-2014
SS,Dutch Bill Creek,2/12/14,DUT 2,STEELHEAD,2013-2014
SS,Dutch Bill Creek,2/12/14,DUT 2,COHO SALMON,2013-2014
SS,Dutch Bill Creek,2/12/14,DUT 2,COHO SALMON,2013-2014
SS,Dutch Bill Creek,2/12/14,DUT 2,COHO SALMON,2013-2014
SS,Dutch Bill Creek,2/12/14,DUT 2,COHO SALMON,2013-2014
SS,Dutch Bill Creek,2/12/14,DUT 2,COHO SALMON,2013-2014
SS,Dutch Bill Creek,2/12/14,DUT 2,COHO SALMON,2013-2014
SS,Dutch Bill Creek,2/12/14,DUT 2,COHO SALMON,2013-2014
SS,Dutch Bill Creek,2/12/14,DUT 2,COHO SALMON,2013-2014
SS,Dutch Bill Creek,2/12/14,DUT 2,COHO SALMON,2013-2014
SS,Dutch Bill Creek,2/12/14,DUT 2,COHO SALMON,2013-2014
SS,Dutch Bill Creek,2/12/14,DUT 2,COHO SALMON,2013-2014
SS,Dutch Bill Creek,2/12/14,DUT 2,STEELHEAD,2013-2014
SS,Dutch Bill Creek,2/12/14,DUT 2,STEELHEAD,2013-2014
SS,Dutch Bill Creek,2/12/14,DUT 2,STEELHEAD,2013-2014
SS,Dutch Bill Creek,2/12/14,DUT 2,STEELHEAD,2013-2014
SS,Dutch Bill Creek,2/12/14,DUT 2,STEELHEAD,2013-2014
SS,Dutch Bill Creek,2/12/14,DUT 2,STEELHEAD,2013-2014
SS,Dutch Bill Creek,2/12/14,DUT 2,STEELHEAD,2013-2014
SS,Dutch Bill Creek,2/12/14,DUT 2,STEELHEAD,2013-2014
SS,Dutch Bill Creek,2/12/14,DUT 2,STEELHEAD,2013-2014
SS,Dutch Bill Creek,2/12/14,DUT 2,STEELHEAD,2013-2014
SS,Dutch Bill Creek,2/12/14,DUT 2,STEELHEAD,2013-2014
SS,Dutch Bill Creek,2/12/14,DUT 2,STEELHEAD,2013-2014
SS,Dutch Bill Creek,2/12/14,DUT 2,STEELHEAD,2013-2014
SS,Mill Creek,2/12/14,MIL 1,COHO SALMON,2013-2014
SS,Mill Creek,2/12/14,MIL 1,COHO SALMON,2013-2014
SS,Mill Creek,2/12/14,MIL 1,COHO SALMON,2013-2014
SS,Mill Creek,2/12/14,MIL 1,COHO SALMON,2013-2014
SS,Mill Creek,2/12/14,MIL 1,COHO SALMON,2013-2014
SS,Mill Creek,2/12/14,MIL 1,COHO SALMON,2013-2014
SS,Mill Creek,2/12/14,MIL 1,COHO SALMON,2013-2014
SS,Mill Creek,2/12/14,MIL 1,COHO SALMON,2013-2014
SS,Mill Creek,2/12/14,MIL 1,COHO SALMON,2013-2014
SS,Willow Creek,2/13/14,WIL 3,COHO SALMON,2013-2014
SS,Willow Creek,2/13/14,WIL 4,STEELHEAD,2013-2014
SS,Willow Creek,2/13/14,WIL 4,SALMONID SP,2013-2014
SS,Willow Creek,2/13/14,WIL 4,COHO SALMON,2013-2014
SS,Willow Creek,2/13/14,WIL 4,COHO SALMON,2013-2014
SS,Willow Creek,2/13/14,WIL 4,COHO SALMON,2013-2014
SS,Willow Creek,2/13/14,WIL 4,COHO SALMON,2013-2014
SS,Willow Creek,2/13/14,WIL 4,STEELHEAD,2013-2014
SS,Willow Creek,2/13/14,WIL 4,STEELHEAD,2013-2014
SS,Green Valley Creek,2/14/14,GRE 1,SALMONID SP,2013-2014
SS,Green Valley Creek,2/14/14,GRE 1,STEELHEAD,2013-2014
SS,Green Valley Creek,2/14/14,GRE 1,STEELHEAD,2013-2014
SS,Green Valley Creek,2/14/14,GRE 1,COHO SALMON,2013-2014
SS,Green Valley Creek,2/14/14,GRE 1,COHO SALMON,2013-2014
SS,Green Valley Creek,2/14/14,GRE 1,COHO SALMON,2013-2014
SS,Green Valley Creek,2/14/14,GRE 1,COHO SALMON,2013-2014
SS,Green Valley Creek,2/14/14,GRE 1,SALMONID SP,2013-2014
SS,Green Valley Creek,2/14/14,GRE 1,STEELHEAD,2013-2014
SS,Purrington Creek,2/19/14,PUR 1,STEELHEAD,2013-2014
SS,Purrington Creek,2/19/14,PUR 1,STEELHEAD,2013-2014
SS,Purrington Creek,2/19/14,PUR 1,STEELHEAD,2013-2014
SS,Dutch Bill Creek,2/20/14,DUT 1,STEELHEAD,2013-2014
SS,Dutch Bill Creek,2/20/14,DUT 1,COHO SALMON,2013-2014
SS,Dutch Bill Creek,2/20/14,DUT 1,STEELHEAD,2013-2014
SS,PENA CREEK,11/23/16,PEN 3,CHINOOK SALMON,2016-2017
SS,PENA CREEK,11/23/16,PEN 3,CHINOOK SALMON,2016-2017
SS,PENA CREEK,11/23/16,PEN 3,CHINOOK SALMON,2016-2017
SS,PENA CREEK,11/23/16,PEN 3,CHINOOK SALMON,2016-2017
SS,PENA CREEK,11/23/16,PEN 3,CHINOOK SALMON,2016-2017
SS,PENA CREEK,11/23/16,PEN 3,CHINOOK SALMON,2016-2017
SS,PENA CREEK,11/23/16,PEN 4,CHINOOK SALMON,2016-2017
SS,PENA CREEK,11/23/16,PEN 4,CHINOOK SALMON,2016-2017
SS,PENA CREEK,11/23/16,PEN 4,CHINOOK SALMON,2016-2017
SS,PENA CREEK,11/23/16,PEN 4,CHINOOK SALMON,2016-2017
SS,PENA CREEK,11/23/16,PEN 4,CHINOOK SALMON,2016-2017
SS,PENA CREEK,11/23/16,PEN 4,CHINOOK SALMON,2016-2017
SS,PENA CREEK,11/23/16,PEN 4,CHINOOK SALMON,2016-2017
SS,PENA CREEK,11/23/16,PEN 4,CHINOOK SALMON,2016-2017
SS,PENA CREEK,11/23/16,PEN 4,CHINOOK SALMON,2016-2017
SS,PENA CREEK,11/23/16,PEN 4,CHINOOK SALMON,2016-2017
SS,PENA CREEK,11/23/16,PEN 4,CHINOOK SALMON,2016-2017
SS,PENA CREEK,11/23/16,PEN 4,CHINOOK SALMON,2016-2017
SS,PENA CREEK,11/23/16,PEN 4,CHINOOK SALMON,2016-2017
SS,PENA CREEK,11/23/16,PEN 4,CHINOOK SALMON,2016-2017
SS,PENA CREEK,11/23/16,PEN 4,CHINOOK SALMON,2016-2017
SS,PENA CREEK,11/23/16,PEN 4,CHINOOK SALMON,2016-2017
SS,PENA CREEK,11/23/16,PEN 4,CHINOOK SALMON,2016-2017
SS,PENA CREEK,11/23/16,PEN 4,CHINOOK SALMON,2016-2017
SS,PENA CREEK,11/23/16,PEN 5,CHINOOK SALMON,2016-2017
SS,PENA CREEK,11/23/16,PEN 5,CHINOOK SALMON,2016-2017
SS,PENA CREEK,11/23/16,PEN 5,CHINOOK SALMON,2016-2017
SS,WOODS CREEK,11/23/16,WOO 1,CHINOOK SALMON,2016-2017
SS,WOODS CREEK,11/23/16,WOO 1,CHINOOK SALMON,2016-2017
SS,WOODS CREEK,11/23/16,WOO 1,CHINOOK SALMON,2016-2017
SS,WOODS CREEK,11/23/16,WOO 1,CHINOOK SALMON,2016-2017
SS,WOODS CREEK,11/23/16,WOO 1,CHINOOK SALMON,2016-2017
SS,WOODS CREEK,11/23/16,WOO 1,CHINOOK SALMON,2016-2017
SS,WOODS CREEK,11/23/16,WOO 1,CHINOOK SALMON,2016-2017
SS,WOODS CREEK,11/23/16,WOO 1,CHINOOK SALMON,2016-2017
SS,GREEN VALLEY CREEK,12/1/16,GRE 1,SALMONID SP,2016-2017
SS,PENA CREEK,12/2/16,PEN 3,CHINOOK SALMON,2016-2017
SS,PENA CREEK,12/2/16,PEN 3,CHINOOK SALMON,2016-2017
SS,PENA CREEK,12/2/16,PEN 3,CHINOOK SALMON,2016-2017
SS,PENA CREEK,12/2/16,PEN 3,-9999,2016-2017
SS,PENA CREEK,12/2/16,PEN 3,CHINOOK SALMON,2016-2017
SS,PENA CREEK,12/2/16,PEN 3,CHINOOK SALMON,2016-2017
SS,PENA CREEK,12/2/16,PEN 3,CHINOOK SALMON,2016-2017
SS,PENA CREEK,12/2/16,PEN 3,CHINOOK SALMON,2016-2017
SS,PENA CREEK,12/2/16,PEN 3,CHINOOK SALMON,2016-2017
SS,PENA CREEK,12/2/16,PEN 3,CHINOOK SALMON,2016-2017
SS,PENA CREEK,12/2/16,PEN 3,CHINOOK SALMON,2016-2017
SS,PENA CREEK,12/2/16,PEN 3,CHINOOK SALMON,2016-2017
SS,PENA CREEK,12/2/16,PEN 3,CHINOOK SALMON,2016-2017
SS,PENA CREEK,12/2/16,PEN 3,CHINOOK SALMON,2016-2017
SS,PENA CREEK,12/2/16,PEN 3,CHINOOK SALMON,2016-2017
SS,PENA CREEK,12/2/16,PEN 3,CHINOOK SALMON,2016-2017
SS,PENA CREEK,12/2/16,PEN 3,CHINOOK SALMON,2016-2017
SS,PENA CREEK,12/2/16,PEN 3,CHINOOK SALMON,2016-2017
SS,PENA CREEK,12/2/16,PEN 3,CHINOOK SALMON,2016-2017
SS,PENA CREEK,12/2/16,PEN 3,CHINOOK SALMON,2016-2017
SS,PENA CREEK,12/2/16,PEN 3,CHINOOK SALMON,2016-2017
SS,PENA CREEK,12/2/16,PEN 4,CHINOOK SALMON,2016-2017
SS,PENA CREEK,12/2/16,PEN 4,CHINOOK SALMON,2016-2017
SS,PENA CREEK,12/2/16,PEN 4,CHINOOK SALMON,2016-2017
SS,PENA CREEK,12/2/16,PEN 4,CHINOOK SALMON,2016-2017
SS,PENA CREEK,12/2/16,PEN 4,CHINOOK SALMON,2016-2017
SS,PENA CREEK,12/2/16,PEN 4,CHINOOK SALMON,2016-2017
SS,PENA CREEK,12/2/16,PEN 4,CHINOOK SALMON,2016-2017
SS,PENA CREEK,12/2/16,PEN 4,CHINOOK SALMON,2016-2017
SS,PENA CREEK,12/2/16,PEN 4,CHINOOK SALMON,2016-2017
SS,PENA CREEK,12/2/16,PEN 4,CHINOOK SALMON,2016-2017
SS,PENA CREEK,12/2/16,PEN 4,CHINOOK SALMON,2016-2017
SS,PENA CREEK,12/2/16,PEN 4,CHINOOK SALMON,2016-2017
SS,PENA CREEK,12/2/16,PEN 4,CHINOOK SALMON,2016-2017
SS,PENA CREEK,12/2/16,PEN 4,CHINOOK SALMON,2016-2017
SS,PENA CREEK,12/2/16,PEN 4,CHINOOK SALMON,2016-2017
SS,PENA CREEK,12/2/16,PEN 4,CHINOOK SALMON,2016-2017
SS,PENA CREEK,12/2/16,PEN 4,CHINOOK SALMON,2016-2017
SS,PENA CREEK,12/2/16,PEN 4,CHINOOK SALMON,2016-2017
SS,PENA CREEK,12/2/16,PEN 4,CHINOOK SALMON,2016-2017
SS,PENA CREEK,12/2/16,PEN 4,CHINOOK SALMON,2016-2017
SS,PENA CREEK,12/2/16,PEN 4,CHINOOK SALMON,2016-2017
SS,PENA CREEK,12/2/16,PEN 4,CHINOOK SALMON,2016-2017
SS,PENA CREEK,12/2/16,PEN 4,CHINOOK SALMON,2016-2017
SS,PENA CREEK,12/2/16,PEN 4,CHINOOK SALMON,2016-2017
SS,PENA CREEK,12/2/16,PEN 4,CHINOOK SALMON,2016-2017
SS,PENA CREEK,12/2/16,PEN 4,CHINOOK SALMON,2016-2017
SS,PENA CREEK,12/2/16,PEN 4,CHINOOK SALMON,2016-2017
SS,PENA CREEK,12/2/16,PEN 4,CHINOOK SALMON,2016-2017
SS,PENA CREEK,12/2/16,PEN 4,CHINOOK SALMON,2016-2017
SS,PENA CREEK,12/2/16,PEN 4,CHINOOK SALMON,2016-2017
SS,PENA CREEK,12/2/16,PEN 4,CHINOOK SALMON,2016-2017
SS,PENA CREEK,12/2/16,PEN 5,CHINOOK SALMON,2016-2017
SS,PENA CREEK,12/2/16,PEN 5,CHINOOK SALMON,2016-2017
SS,PENA CREEK,12/2/16,PEN 5,CHINOOK SALMON,2016-2017
SS,WOODS CREEK,12/2/16,WOO 1,CHINOOK SALMON,2016-2017
SS,WOODS CREEK,12/2/16,WOO 1,CHINOOK SALMON,2016-2017
SS,WOODS CREEK,12/2/16,WOO 1,CHINOOK SALMON,2016-2017
SS,AUSTIN CREEK,12/6/16,AUS 5,SALMONID SP,2016-2017
SS,MILL CREEK,12/7/16,MIL 2,COHO SALMON,2016-2017
SS,Dutch Bill Creek,2/20/14,DUT 1,STEELHEAD,2013-2014
SS,Dutch Bill Creek,2/20/14,DUT 1,COHO SALMON,2013-2014
SS,Dutch Bill Creek,2/20/14,DUT 1,COHO SALMON,2013-2014
SS,Dutch Bill Creek,2/20/14,DUT 1,STEELHEAD,2013-2014
SS,Dutch Bill Creek,2/20/14,DUT 1,STEELHEAD,2013-2014
SS,Dutch Bill Creek,2/20/14,DUT 1,STEELHEAD,2013-2014
SS,Dutch Bill Creek,2/20/14,DUT 1,STEELHEAD,2013-2014
SS,Dutch Bill Creek,2/20/14,DUT 1,COHO SALMON,2013-2014
SS,Dutch Bill Creek,2/20/14,DUT 1,COHO SALMON,2013-2014
SS,Dutch Bill Creek,2/20/14,DUT 1,COHO SALMON,2013-2014
SS,Dutch Bill Creek,2/20/14,DUT 1,COHO SALMON,2013-2014
SS,Dutch Bill Creek,2/20/14,DUT 1,COHO SALMON,2013-2014
SS,Dutch Bill Creek,2/20/14,DUT 1,STEELHEAD,2013-2014
SS,Dutch Bill Creek,2/20/14,DUT 1,COHO SALMON,2013-2014
SS,Dutch Bill Creek,2/20/14,DUT 1,COHO SALMON,2013-2014
SS,Dutch Bill Creek,2/20/14,DUT 1,COHO SALMON,2013-2014
SS,Dutch Bill Creek,2/20/14,DUT 1,COHO SALMON,2013-2014
SS,Dutch Bill Creek,2/20/14,DUT 1,COHO SALMON,2013-2014
SS,Dutch Bill Creek,2/20/14,DUT 1,STEELHEAD,2013-2014
SS,Dutch Bill Creek,2/20/14,DUT 1,CHINOOK SALMON,2013-2014
SS,Dutch Bill Creek,2/20/14,DUT 1,COHO SALMON,2013-2014
SS,Dutch Bill Creek,2/20/14,DUT 2,SALMONID SP,2013-2014
SS,Dutch Bill Creek,2/20/14,DUT 2,STEELHEAD,2013-2014
SS,Dutch Bill Creek,2/20/14,DUT 2,STEELHEAD,2013-2014
SS,Dutch Bill Creek,2/20/14,DUT 2,STEELHEAD,2013-2014
SS,Dutch Bill Creek,2/20/14,DUT 2,STEELHEAD,2013-2014
SS,Dutch Bill Creek,2/20/14,DUT 2,SALMONID SP,2013-2014
SS,Dutch Bill Creek,2/20/14,DUT 2,STEELHEAD,2013-2014
SS,Dutch Bill Creek,2/20/14,DUT 2,STEELHEAD,2013-2014
SS,Dutch Bill Creek,2/20/14,DUT 2,STEELHEAD,2013-2014
SS,Dutch Bill Creek,2/20/14,DUT 2,STEELHEAD,2013-2014
SS,Dutch Bill Creek,2/20/14,DUT 2,STEELHEAD,2013-2014
SS,Dutch Bill Creek,2/20/14,DUT 2,STEELHEAD,2013-2014
SS,Dutch Bill Creek,2/20/14,DUT 2,STEELHEAD,2013-2014
SS,Dutch Bill Creek,2/20/14,DUT 2,STEELHEAD,2013-2014
SS,Dutch Bill Creek,2/20/14,DUT 2,STEELHEAD,2013-2014
SS,Dutch Bill Creek,2/20/14,DUT 2,STEELHEAD,2013-2014
SS,Dutch Bill Creek,2/20/14,DUT 2,STEELHEAD,2013-2014
SS,Dutch Bill Creek,2/20/14,DUT 2,STEELHEAD,2013-2014
SS,Green Valley Creek,2/21/14,GRE 1,SALMONID SP,2013-2014
SS,Green Valley Creek,2/21/14,GRE 1,COHO SALMON,2013-2014
SS,Green Valley Creek,2/21/14,GRE 1,COHO SALMON,2013-2014
SS,Green Valley Creek,2/21/14,GRE 1,COHO SALMON,2013-2014
SS,Green Valley Creek,2/21/14,GRE 1,COHO SALMON,2013-2014
SS,Green Valley Creek,2/21/14,GRE 1,COHO SALMON,2013-2014
SS,Green Valley Creek,2/21/14,GRE 1,STEELHEAD,2013-2014
SS,Green Valley Creek,2/21/14,GRE 1,COHO SALMON,2013-2014
SS,Green Valley Creek,2/21/14,GRE 1,COHO SALMON,2013-2014
SS,Green Valley Creek,2/21/14,GRE 2,COHO SALMON,2013-2014
SS,Green Valley Creek,2/21/14,GRE 2,COHO SALMON,2013-2014
SS,Green Valley Creek,2/21/14,GRE 2,COHO SALMON,2013-2014
SS,Green Valley Creek,2/21/14,GRE 2,COHO SALMON,2013-2014
SS,Green Valley Creek,2/21/14,GRE 2,STEELHEAD,2013-2014
SS,Green Valley Creek,2/21/14,GRE 2,COHO SALMON,2013-2014
SS,Green Valley Creek,2/26/14,GRE 2,SALMONID SP,2013-2014
SS,Green Valley Creek,2/26/14,GRE 2,SALMONID SP,2013-2014
SS,Willow Creek,3/3/14,WIL 4,STEELHEAD,2013-2014
SS,Willow Creek,3/3/14,WIL 4,STEELHEAD,2013-2014
SS,Willow Creek,3/3/14,WIL 4,STEELHEAD,2013-2014
SS,Dutch Bill Creek,3/7/14,DUT 1,SALMONID SP,2013-2014
SS,Purrington Creek,3/19/14,PUR 1,STEELHEAD,2013-2014
SS,Purrington Creek,3/19/14,PUR 1,STEELHEAD,2013-2014
SS,Purrington Creek,3/19/14,PUR 1,STEELHEAD,2013-2014
