"","Tributary","ReachName","Date","Survey","Species","SpeciesCertainty","ReddAge","Season","Crew"
"1","REDWOOD CREEK","RED 2",2017-01-03,"SS","STEELHEAD",2,1,"2016-2017","RA KS"
"2","MILL CREEK","MIL 1",2016-12-30,"SS","COHO SALMON",2,1,"2016-2017","AB KK"
"3","MILL CREEK","MIL 1",2016-12-30,"SS","COHO SALMON",2,1,"2016-2017","AB KK"
"4","MILL CREEK","MIL 1",2016-12-30,"SS","COHO SALMON",2,1,"2016-2017","AB KK"
"5","MILL CREEK","MIL 1",2016-12-30,"SS","COHO SALMON",1,1,"2016-2017","AB KK"
"6","MILL CREEK","MIL1.5",2016-12-30,"SS","COHO SALMON",2,1,"2016-2017","NB AW"
"7","MILL CREEK","MIL 3",2016-12-30,"SS","COHO SALMON",2,1,"2016-2017","LE RA"
"8","GRAY CREEK","GRA 2",2016-12-30,"SS","COHO SALMON",1,1,"2016-2017","KS AI"
"9","PORTER CREEK","POR 2",2016-12-29,"SS","STEELHEAD",2,1,"2016-2017","CO JRR"
"10","PORTER CREEK","POR 2",2016-12-29,"SS","COHO SALMON",2,1,"2016-2017","CO JRR"
"11","PORTER CREEK","POR 2",2016-12-29,"SS","COHO SALMON",2,1,"2016-2017","CO JRR"
"12","PORTER CREEK","POR 2",2016-12-29,"SS","COHO SALMON",2,1,"2016-2017","CO JRR"
"13","WINE CREEK","WIN 1",2016-12-29,"SS","SALMONID SP",-9999,1,"2016-2017","AI KS"
"14","WINE CREEK","WIN 1",2016-12-29,"SS","SALMONID SP",-9999,1,"2016-2017","AI KS"
"15","WINE CREEK","WIN 1",2016-12-29,"SS","SALMONID SP",-9999,1,"2016-2017","AI KS"
"16","PORTER CREEK","POR 3",2016-12-29,"SS","COHO SALMON",2,1,"2016-2017","CO JRR"
"17","PORTER CREEK","POR 3",2016-12-29,"SS","STEELHEAD",2,1,"2016-2017","CO JRR"
"18","HULBERT CREEK","HUL 1",2016-12-29,"SS","COHO SALMON",1,1,"2016-2017","RA AW"
"19","PURRINGTON CREEK","PUR 1",2016-12-28,"SS","COHO SALMON",2,1,"2016-2017","AJ CO"
"20","AUSTIN CREEK","AUS 5",2016-12-28,"SS","SALMONID SP",-9999,1,"2016-2017","AI AB"
"21","WILLOW CREEK","WIL 3",2016-12-28,"SS","SALMONID SP",-9999,1,"2016-2017","LE KS"
"22","WILLOW CREEK","WIL 4",2016-12-28,"SS","COHO SALMON",2,1,"2016-2017","JRR WB"
"23","WILLOW CREEK","WIL 4",2016-12-28,"SS","COHO SALMON",2,1,"2016-2017","JRR WB"
"24","WILLOW CREEK","WIL 4",2016-12-28,"SS","STEELHEAD",2,1,"2016-2017","JRR WB"
"25","WILLOW CREEK","WIL 4",2016-12-28,"SS","COHO SALMON",2,1,"2016-2017","JRR WB"
"26","GREEN VALLEY CREEK","GRE 1",2016-12-27,"SS","COHO SALMON",1,1,"2016-2017","JRR RA"
"27","GREEN VALLEY CREEK","GRE 1",2016-12-27,"SS","COHO SALMON",2,1,"2016-2017","JRR RA"
"28","GREEN VALLEY CREEK","GRE 1",2016-12-27,"SS","COHO SALMON",1,1,"2016-2017","JRR RA"
"29","GREEN VALLEY CREEK","GRE 1",2016-12-27,"SS","COHO SALMON",2,1,"2016-2017","JRR RA"
"30","GREEN VALLEY CREEK","GRE 1",2016-12-27,"SS","COHO SALMON",2,1,"2016-2017","JRR RA"
"31","GRAPE CREEK","GRP 1",2016-12-22,"SS","COHO SALMON",1,1,"2016-2017","WB CM"
"32","WINE CREEK","WIN 1",2016-12-22,"SS","SALMONID SP",-9999,1,"2016-2017","CM WB"
"33","WINE CREEK","WIN 1",2016-12-22,"SS","COHO SALMON",1,1,"2016-2017","CM WB"
"34","WINE CREEK","WIN 1",2016-12-22,"SS","SALMONID SP",-9999,1,"2016-2017","CM WB"
"35","MILL CREEK","MIL 1",2016-12-22,"SS","COHO SALMON",2,1,"2016-2017","CO SB"
"36","MILL CREEK","MIL 1",2016-12-22,"SS","COHO SALMON",1,1,"2016-2017","CO SB"
"37","MILL CREEK","MIL 1",2016-12-22,"SS","COHO SALMON",1,1,"2016-2017","CO SB"
"38","GRAPE CREEK","GRP 2",2016-12-22,"SS","COHO SALMON",1,1,"2016-2017","WB CM"
"39","WOODS CREEK","WOO 1",2016-12-21,"SS","SALMONID SP",-9999,1,"2016-2017","ZR SB"
"40","WOODS CREEK","WOO 1",2016-12-21,"SS","STEELHEAD",2,1,"2016-2017","ZR SB"
"41","PENA CREEK","PEN 1",2016-12-21,"SS","STEELHEAD",2,1,"2016-2017","RA MT"
"42","PENA CREEK","PEN 4",2016-12-21,"SS","CHINOOK SALMON",1,1,"2016-2017","AI KG"
"43","PENA CREEK","PEN 4",2016-12-21,"SS","CHINOOK SALMON",2,1,"2016-2017","AI KG"
"44","PENA CREEK","PEN 4",2016-12-21,"SS","CHINOOK SALMON",1,1,"2016-2017","AI KG"
"45","PENA CREEK","PEN 4",2016-12-21,"SS","SALMONID SP",-9999,1,"2016-2017","AI KG"
"46","PENA CREEK","PEN 4",2016-12-21,"SS","CHINOOK SALMON",1,1,"2016-2017","AI KG"
"47","REDWOOD CREEK","RED 2",2016-12-21,"SS","CHINOOK SALMON",1,1,"2016-2017","NB KS"
"48","REDWOOD CREEK","RED 2",2016-12-21,"SS","CHINOOK SALMON",1,1,"2016-2017","NB KS"
"49","PENA CREEK","PEN 3",2016-12-21,"SS","STEELHEAD",2,1,"2016-2017","WB KH"
"50","PENA CREEK","PEN 3",2016-12-21,"SS","STEELHEAD",2,1,"2016-2017","WB KH"
"51","PENA CREEK","PEN 3",2016-12-21,"SS","COHO SALMON",1,1,"2016-2017","WB KH"
"52","PENA CREEK","PEN 3",2016-12-21,"SS","CHINOOK SALMON",1,1,"2016-2017","WB KH"
"53","PENA CREEK","PEN 3",2016-12-21,"SS","CHINOOK SALMON",1,1,"2016-2017","WB KH"
"54","PENA CREEK","PEN 3",2016-12-21,"SS","COHO SALMON",1,1,"2016-2017","WB KH"
"55","CRANE CREEK","CRA 1",2016-12-21,"SS","COHO SALMON",2,1,"2016-2017","JRR CO"
"56","AUSTIN CREEK","AUS 5",2016-12-20,"SS","STEELHEAD",2,1,"2016-2017","ZR RA"
"57","AUSTIN CREEK","AUS 5",2016-12-20,"SS","SALMONID SP",-9999,1,"2016-2017","ZR RA"
"58","DUTCH BILL CREEK","DUT 2",2016-12-20,"SS","STEELHEAD",2,1,"2016-2017","JRR SB"
"59","DUTCH BILL CREEK","DUT 2",2016-12-20,"SS","STEELHEAD",1,1,"2016-2017","JRR SB"
"60","DUTCH BILL CREEK","DUT 2",2016-12-20,"SS","COHO SALMON",2,1,"2016-2017","JRR SB"
"61","DUTCH BILL CREEK","DUT 2",2016-12-20,"SS","SALMONID SP",-9999,1,"2016-2017","JRR SB"
"62","DUTCH BILL CREEK","DUT 2",2016-12-20,"SS","STEELHEAD",2,1,"2016-2017","JRR SB"
"63","GILLIAM CREEK","GIL 1",2016-12-20,"SS","STEELHEAD",2,1,"2016-2017","MT AMJ"
"64","GILLIAM CREEK","GIL 1",2016-12-20,"SS","COHO SALMON",1,1,"2016-2017","MT AMJ"
"65","FELTA CREEK","FEL 1",2016-12-19,"SS","COHO SALMON",1,1,"2016-2017","AM NB"
"66","FELTA CREEK","FEL 1",2016-12-19,"SS","COHO SALMON",2,1,"2016-2017","AM NB"
"67","MILL CREEK","MIL 3",2016-12-19,"SS","COHO SALMON",1,1,"2016-2017","MT JP"
"68","MILL CREEK","MIL 3",2016-12-19,"SS","COHO SALMON",1,1,"2016-2017","MT JP"
"69","GRAY CREEK","GRA 2",2016-12-19,"SS","COHO SALMON",2,1,"2016-2017","AI KS"
"70","GRAY CREEK","GRA 2",2016-12-19,"SS","SALMONID SP",-9999,1,"2016-2017","AI KS"
"71","MILL CREEK","MIL 4",2016-12-19,"SS","COHO SALMON",2,1,"2016-2017","JRR CO"
"72","REDWOOD CREEK","RED 1",2016-12-14,"SS","SALMONID SP",-9999,1,"2016-2017","RA LE"
"73","GILLIAM CREEK","GIL 1",2016-12-14,"SS","SALMONID SP",-9999,1,"2016-2017","ZR CO"
"74","WILLOW CREEK","WIL 3",2016-12-14,"SS","COHO SALMON",2,1,"2016-2017","AJ NB"
"75","WILLOW CREEK","WIL 3",2016-12-14,"SS","SALMONID SP",-9999,1,"2016-2017","AJ NB"
"76","WILLOW CREEK","WIL 3",2016-12-14,"SS","COHO SALMON",2,1,"2016-2017","AJ NB"
"77","WILLOW CREEK","WIL 3",2016-12-14,"SS","COHO SALMON",1,1,"2016-2017","AJ NB"
"78","WILLOW CREEK","WIL 4",2016-12-14,"SS","COHO SALMON",2,1,"2016-2017","MT AMJ"
"79","WILLOW CREEK","WIL 4",2016-12-14,"SS","COHO SALMON",2,1,"2016-2017","MT AMJ"
"80","REDWOOD CREEK","RED 2",2016-12-14,"SS","SALMONID SP",-9999,1,"2016-2017","RA LE"
"81","REDWOOD CREEK","RED 2",2016-12-14,"SS","SALMONID SP",-9999,1,"2016-2017","RA LE"
"82","REDWOOD CREEK","RED 2",2016-12-14,"SS","SALMONID SP",-9999,1,"2016-2017","RA LE"
"83","WOODS CREEK","WOO 1",2016-12-13,"SS","CHINOOK SALMON",1,1,"2016-2017","RA WB"
"84","WOODS CREEK","WOO 1",2016-12-13,"SS","COHO SALMON",1,1,"2016-2017","RA WB"
"85","WOODS CREEK","WOO 1",2016-12-13,"SS","SALMONID SP",-9999,1,"2016-2017","RA WB"
"86","WOODS CREEK","WOO 1",2016-12-13,"SS","CHINOOK SALMON",1,1,"2016-2017","RA WB"
"87","WOODS CREEK","WOO 1",2016-12-13,"SS","STEELHEAD",2,1,"2016-2017","RA WB"
"88","WOODS CREEK","WOO 1",2016-12-13,"SS","CHINOOK SALMON",1,1,"2016-2017","RA WB"
"89","WOODS CREEK","WOO 1",2016-12-13,"SS","COHO SALMON",1,1,"2016-2017","RA WB"
"90","WOODS CREEK","WOO 1",2016-12-13,"SS","COHO SALMON",2,1,"2016-2017","RA WB"
"91","WOODS CREEK","WOO 1",2016-12-13,"SS","COHO SALMON",2,1,"2016-2017","RA WB"
"92","WOODS CREEK","WOO 1",2016-12-13,"SS","SALMONID SP",-9999,1,"2016-2017","RA WB"
"93","PENA CREEK","PEN 4",2016-12-13,"SS","CHINOOK SALMON",1,1,"2016-2017","AI CO"
"94","PENA CREEK","PEN 4",2016-12-13,"SS","CHINOOK SALMON",2,1,"2016-2017","AI CO"
"95","PENA CREEK","PEN 4",2016-12-13,"SS","CHINOOK SALMON",2,1,"2016-2017","AI CO"
"96","PENA CREEK","PEN 4",2016-12-13,"SS","CHINOOK SALMON",1,1,"2016-2017","AI CO"
"97","PENA CREEK","PEN 4",2016-12-13,"SS","CHINOOK SALMON",2,1,"2016-2017","AI CO"
"98","PENA CREEK","PEN 4",2016-12-13,"SS","SALMONID SP",-9999,1,"2016-2017","AI CO"
"99","PENA CREEK","PEN 4",2016-12-13,"SS","CHINOOK SALMON",1,1,"2016-2017","AI CO"
"100","WINE CREEK","WIN 1",2016-12-13,"SS","COHO SALMON",2,1,"2016-2017","AMJ JRR"
"101","WINE CREEK","WIN 1",2016-12-13,"SS","COHO SALMON",2,1,"2016-2017","AMJ JRR"
"102","PENA CREEK","PEN 3",2016-12-13,"SS","SALMONID SP",-9999,1,"2016-2017","KS MT"
"103","PENA CREEK","PEN 3",2016-12-13,"SS","CHINOOK SALMON",1,1,"2016-2017","KS MT"
"104","PENA CREEK","PEN 3",2016-12-13,"SS","CHINOOK SALMON",1,1,"2016-2017","KS MT"
"105","PENA CREEK","PEN 3",2016-12-13,"SS","CHINOOK SALMON",2,1,"2016-2017","KS MT"
"106","GRAPE CREEK","GRP 2",2016-12-13,"SS","COHO SALMON",2,1,"2016-2017","JRR AMJ"
"107","GREEN VALLEY CREEK","GRE 1",2016-12-12,"SS","STEELHEAD",2,1,"2016-2017","CO MT"
"108","GREEN VALLEY CREEK","GRE 2",2016-12-12,"SS","COHO SALMON",2,1,"2016-2017","WB AI"
"109","GREEN VALLEY CREEK","GRE 2",2016-12-12,"SS","COHO SALMON",2,1,"2016-2017","WB AI"
"110","GREEN VALLEY CREEK","GRE 2",2016-12-12,"SS","SALMONID SP",-9999,1,"2016-2017","WB AI"
"111","GREEN VALLEY CREEK","GRE 2",2016-12-12,"SS","SALMONID SP",-9999,1,"2016-2017","WB AI"
"112","GREEN VALLEY CREEK","GRE 2",2016-12-12,"SS","COHO SALMON",1,1,"2016-2017","WB AI"
"113","GREEN VALLEY CREEK","GRE 2",2016-12-12,"SS","SALMONID SP",-9999,1,"2016-2017","WB AI"
"114","GREEN VALLEY CREEK","GRE 2",2016-12-12,"SS","COHO SALMON",1,1,"2016-2017","WB AI"
"115","PURRINGTON CREEK","PUR 1",2016-12-12,"SS","COHO SALMON",1,1,"2016-2017","AM NB"
"116","DUTCH BILL CREEK","DUT 2",2016-12-12,"SS","COHO SALMON",1,1,"2016-2017","JRR LE"
"117","DUTCH BILL CREEK","DUT 2",2016-12-12,"SS","COHO SALMON",2,1,"2016-2017","JRR LE"
"118","DUTCH BILL CREEK","DUT 2",2016-12-12,"SS","COHO SALMON",1,1,"2016-2017","JRR LE"
"119","DUTCH BILL CREEK","DUT 2",2016-12-12,"SS","COHO SALMON",1,1,"2016-2017","JRR LE"
"120","LITTLE GREEN VALLEY CREE","GRE 1",2016-12-12,"SS","COHO SALMON",1,1,"2016-2017","MT CO"
"121","LITTLE GREEN VALLEY CREE","GRE 1",2016-12-12,"SS","COHO SALMON",1,1,"2016-2017","MT CO"
"122","HARRISON CREEK","GRE 2",2016-12-12,"SS","COHO SALMON",1,1,"2016-2017","WB AI"
"123","MARK WEST CREEK","MAR 10",2016-12-08,"SS","SALMONID SP",-9999,1,"2016-2017","RA NB AY"
"124","MILL CREEK","MIL 1",2016-12-07,"SS","SALMONID SP",-9999,1,"2016-2017","AMJ ZR"
"125","MILL CREEK","MIL 1",2016-12-07,"SS","STEELHEAD",2,1,"2016-2017","AMJ ZR"
"126","MILL CREEK","MIL1.5",2016-12-07,"SS","COHO SALMON",2,1,"2016-2017","RA WB"
"127","MILL CREEK","MIL 3",2016-12-07,"SS","COHO SALMON",2,1,"2016-2017","AB BA"
"128","MILL CREEK","MIL 3",2016-12-07,"SS","SALMONID SP",-9999,1,"2016-2017","AB BA"
"129","MILL CREEK","MIL 2",2016-12-07,"SS","COHO SALMON",2,1,"2016-2017","RA WB"
"130","MILL CREEK","MIL 2",2016-12-07,"SS","SALMONID SP",-9999,1,"2016-2017","RA WB"
"131","FELTA CREEK","FEL 1",2016-12-07,"SS","COHO SALMON",2,1,"2016-2017","AMJ ZR"
"132","PENA CREEK","PEN 5",2016-12-02,"SS","SALMONID SP",-9999,1,"2016-2017","CO MT"
"133","PENA CREEK","PEN 5",2016-12-02,"SS","SALMONID SP",-9999,1,"2016-2017","CO MT"
"134","PENA CREEK","PEN 5",2016-12-02,"SS","CHINOOK SALMON",1,1,"2016-2017","CO MT"
"135","PENA CREEK","PEN 5",2016-12-02,"SS","STEELHEAD",2,1,"2016-2017","CO MT"
"136","PENA CREEK","PEN 4",2016-12-02,"SS","CHINOOK SALMON",1,1,"2016-2017","ZR BA"
"137","PENA CREEK","PEN 4",2016-12-02,"SS","CHINOOK SALMON",1,1,"2016-2017","ZR BA"
"138","PENA CREEK","PEN 4",2016-12-02,"SS","CHINOOK SALMON",1,1,"2016-2017","ZR BA"
"139","PENA CREEK","PEN 4",2016-12-02,"SS","CHINOOK SALMON",1,1,"2016-2017","ZR BA"
"140","PENA CREEK","PEN 4",2016-12-02,"SS","CHINOOK SALMON",2,1,"2016-2017","ZR BA"
"141","PENA CREEK","PEN 4",2016-12-02,"SS","CHINOOK SALMON",1,1,"2016-2017","ZR BA"
"142","PENA CREEK","PEN 4",2016-12-02,"SS","SALMONID SP",-9999,1,"2016-2017","ZR BA"
"143","PENA CREEK","PEN 4",2016-12-02,"SS","SALMONID SP",-9999,1,"2016-2017","ZR BA"
"144","PENA CREEK","PEN 4",2016-12-02,"SS","CHINOOK SALMON",1,1,"2016-2017","ZR BA"
"145","PENA CREEK","PEN 4",2016-12-02,"SS","CHINOOK SALMON",1,1,"2016-2017","ZR BA"
"146","PENA CREEK","PEN 4",2016-12-02,"SS","CHINOOK SALMON",1,1,"2016-2017","ZR BA"
"147","PENA CREEK","PEN 4",2016-12-02,"SS","CHINOOK SALMON",1,1,"2016-2017","ZR BA"
"148","PENA CREEK","PEN 4",2016-12-02,"SS","CHINOOK SALMON",2,1,"2016-2017","ZR BA"
"149","PENA CREEK","PEN 3",2016-12-02,"SS","CHINOOK SALMON",2,1,"2016-2017","WB RA"
"150","PENA CREEK","PEN 3",2016-12-02,"SS","SALMONID SP",-9999,1,"2016-2017","WB RA"
"151","PENA CREEK","PEN 3",2016-12-02,"SS","CHINOOK SALMON",1,1,"2016-2017","WB RA"
"152","PENA CREEK","PEN 3",2016-12-02,"SS","SALMONID SP",-9999,1,"2016-2017","WB RA"
"153","PENA CREEK","PEN 3",2016-12-02,"SS","SALMONID SP",-9999,1,"2016-2017","WB RA"
"154","PENA CREEK","PEN 3",2016-12-02,"SS","CHINOOK SALMON",2,1,"2016-2017","WB RA"
"155","PENA CREEK","PEN 3",2016-12-02,"SS","CHINOOK SALMON",2,1,"2016-2017","WB RA"
"156","PENA CREEK","PEN 3",2016-12-02,"SS","CHINOOK SALMON",1,1,"2016-2017","WB RA"
"157","PENA CREEK","PEN 3",2016-12-02,"SS","CHINOOK SALMON",2,1,"2016-2017","WB RA"
"158","WOODS CREEK","WOO 1",2016-12-02,"SS","SALMONID SP",-9999,1,"2016-2017","MT CO"
"159","WOODS CREEK","WOO 1",2016-12-02,"SS","SALMONID SP",-9999,1,"2016-2017","MT CO"
"160","WOODS CREEK","WOO 1",2016-12-02,"SS","CHINOOK SALMON",2,1,"2016-2017","MT CO"
"161","WOODS CREEK","WOO 1",2016-12-02,"SS","SALMONID SP",-9999,1,"2016-2017","MT CO"
"162","GREEN VALLEY CREEK","GRE 1",2016-12-01,"SS","COHO SALMON",2,1,"2016-2017","WB BA"
"163","DUTCH BILL CREEK","DUT 1",2016-12-01,"SS","SALMONID SP",-9999,1,"2016-2017","NB LE"
"164","DUTCH BILL CREEK","DUT 2",2016-12-01,"SS","STEELHEAD",2,1,"2016-2017","CO RA"
"165","MILL CREEK","MIL 3",2016-11-30,"SS","COHO SALMON",2,1,"2016-2017","CO AI"
"166","MILL CREEK","MIL 3",2016-11-30,"SS","SALMONID SP",-9999,1,"2016-2017","CO AI"
"167","MILL CREEK","MIL 3",2016-11-30,"SS","COHO SALMON",1,1,"2016-2017","CO AI"
"168","FELTA CREEK","FEL 1",2016-11-30,"SS","SALMONID SP",-9999,1,"2016-2017","ZR BA"
"169","PENA CREEK","PEN 5",2016-11-23,"SS","CHINOOK SALMON",1,1,"2016-2017","AI SB"
"170","PENA CREEK","PEN 5",2016-11-23,"SS","SALMONID SP",-9999,1,"2016-2017","AI SB"
"171","PENA CREEK","PEN 1",2016-11-23,"SS","CHINOOK SALMON",2,1,"2016-2017","CO BA"
"172","PENA CREEK","PEN 4",2016-11-23,"SS","CHINOOK SALMON",1,1,"2016-2017","AMJ JRR"
"173","PENA CREEK","PEN 4",2016-11-23,"SS","CHINOOK SALMON",1,1,"2016-2017","AMJ JRR"
"174","PENA CREEK","PEN 4",2016-11-23,"SS","SALMONID SP",-9999,1,"2016-2017","AMJ JRR"
"175","PENA CREEK","PEN 4",2016-11-23,"SS","CHINOOK SALMON",1,1,"2016-2017","AMJ JRR"
"176","PENA CREEK","PEN 4",2016-11-23,"SS","CHINOOK SALMON",1,1,"2016-2017","AMJ JRR"
"177","PENA CREEK","PEN 4",2016-11-23,"SS","CHINOOK SALMON",2,1,"2016-2017","AMJ JRR"
"178","WOODS CREEK","WOO 1",2016-11-23,"SS","CHINOOK SALMON",1,1,"2016-2017","AI SB"
"179","WOODS CREEK","WOO 1",2016-11-23,"SS","CHINOOK SALMON",1,1,"2016-2017","AI SB"
"180","WOODS CREEK","WOO 1",2016-11-23,"SS","CHINOOK SALMON",1,1,"2016-2017","AI SB"
"181","PENA CREEK","PEN 3",2016-11-23,"SS","CHINOOK SALMON",1,1,"2016-2017","RA LE"
"182","PENA CREEK","PEN 3",2016-11-23,"SS","CHINOOK SALMON",2,1,"2016-2017","RA LE"
"183","PENA CREEK","PEN 3",2016-11-23,"SS","CHINOOK SALMON",1,1,"2016-2017","RA LE"
"184","PENA CREEK","PEN 3",2016-11-23,"SS","CHINOOK SALMON",1,1,"2016-2017","RA LE"
"185","PENA CREEK","PEN 3",2016-11-23,"SS","CHINOOK SALMON",2,1,"2016-2017","RA LE"
"186","PENA CREEK","PEN 3",2016-11-23,"SS","CHINOOK SALMON",1,1,"2016-2017","RA LE"
"187","PENA CREEK","PEN 3",2016-11-23,"SS","CHINOOK SALMON",1,1,"2016-2017","RA LE"
"188","PENA CREEK","PEN 3",2016-11-23,"SS","CHINOOK SALMON",2,1,"2016-2017","RA LE"
"189","PENA CREEK","PEN 3",2016-11-23,"SS","CHINOOK SALMON",1,1,"2016-2017","RA LE"
"190","PENA CREEK","PEN 4",2016-11-10,"SS","CHINOOK SALMON",2,1,"2016-2017","BA MT"
"191","PENA CREEK","PEN 4",2016-11-10,"SS","CHINOOK SALMON",2,1,"2016-2017","BA MT"
"192","PENA CREEK","PEN 4",2016-11-10,"SS","CHINOOK SALMON",2,1,"2016-2017","BA MT"
"193","PENA CREEK","PEN 4",2016-11-10,"SS","CHINOOK SALMON",1,1,"2016-2017","BA MT"
"194","PENA CREEK","PEN 4",2016-11-10,"SS","CHINOOK SALMON",1,1,"2016-2017","BA MT"
"195","PENA CREEK","PEN 4",2016-11-10,"SS","SALMONID SP",-9999,1,"2016-2017","BA MT"
"196","PENA CREEK","PEN 4",2016-11-10,"SS","STEELHEAD",2,1,"2016-2017","BA MT"
"197","PENA CREEK","PEN 4",2016-11-10,"SS","SALMONID SP",-9999,1,"2016-2017","BA MT"
"198","PENA CREEK","PEN 3",2016-11-10,"SS","CHINOOK SALMON",2,1,"2016-2017","AI JRR"
"199","MILL CREEK","MIL 2",2016-11-07,"SS","SALMONID SP",-9999,1,"2016-2017","NB KS"
"200","HULBERT CREEK","HUL 1",2016-11-02,"SS","SALMONID SP",-9999,1,"2016-2017","WB RA"
"201","PENA CREEK","PEN 1",2016-04-14,"SS","STEELHEAD",2,1,"2015-2016","ZR CM"
"202","PENA CREEK","PEN 1",2016-04-14,"SS","STEELHEAD",2,1,"2015-2016","ZR CM"
"203","PENA CREEK","PEN 1",2016-04-14,"SS","STEELHEAD",2,1,"2015-2016","ZR CM"
"204","PENA CREEK","PEN 1",2016-04-14,"SS","STEELHEAD",2,1,"2015-2016","ZR CM"
"205","PENA CREEK","PEN 1",2016-04-14,"SS","STEELHEAD",2,1,"2015-2016","ZR CM"
"206","PENA CREEK","PEN 1",2016-04-14,"SS","STEELHEAD",2,1,"2015-2016","ZR CM"
"207","PENA CREEK","PEN 4",2016-04-14,"SS","STEELHEAD",2,1,"2015-2016","JE JD"
"208","PENA CREEK","PEN 4",2016-04-14,"SS","STEELHEAD",2,1,"2015-2016","JE JD"
"209","PENA CREEK","PEN 4",2016-04-14,"SS","STEELHEAD",2,1,"2015-2016","JE JD"
"210","PENA CREEK","PEN 4",2016-04-14,"SS","STEELHEAD",2,1,"2015-2016","JE JD"
"211","WINE CREEK","WIN 1",2016-04-13,"SS","STEELHEAD",2,1,"2015-2016","TC NO"
"212","HULBERT CREEK","HUL 3",2016-04-13,"SS","STEELHEAD",2,1,"2015-2016","WB MO"
"213","DUTCH BILL CREEK","DUT 1",2016-04-12,"SS","STEELHEAD",2,1,"2015-2016","AI AM"
"214","WALLACE CREEK","WAL 2",2016-04-11,"SS","STEELHEAD",2,1,"2015-2016","NB CM"
"215","EAST AUSTIN CREEK","EAU 1",2016-04-05,"SS","STEELHEAD",2,1,"2015-2016","SW AA"
"216","GRAY CREEK","GRA 2",2016-04-05,"SS","SALMONID SP",-9999,1,"2015-2016","WB CM"
"217","GRAY CREEK","GRA 2",2016-04-05,"SS","STEELHEAD",2,1,"2015-2016","WB CM"
"218","GRAY CREEK","GRA 2",2016-04-05,"SS","SALMONID SP",-9999,1,"2015-2016","WB CM"
"219","MARK WEST CREEK","MAR 9",2016-04-04,"SS","STEELHEAD",2,1,"2015-2016","ZR AI"
"220","MILL CREEK","MIL 4",2016-04-01,"SS","SALMONID SP",-9999,1,"2015-2016","SL DD"
"221","PALMER CREEK","PAL 1",2016-04-01,"SS","STEELHEAD",2,1,"2015-2016","WB AP"
"222","MILL CREEK","MIL 1",2016-03-31,"SS","STEELHEAD",2,1,"2015-2016","TC AI"
"223","MILL CREEK","MIL 1",2016-03-31,"SS","STEELHEAD",2,1,"2015-2016","TC AI"
"224","FELTA CREEK","FEL 1",2016-03-31,"SS","STEELHEAD",2,1,"2015-2016","TC AI"
"225","PENA CREEK","PEN 5",2016-03-30,"SS","STEELHEAD",2,1,"2015-2016","DD SW"
"226","PENA CREEK","PEN 1",2016-03-30,"SS","STEELHEAD",2,1,"2015-2016","SL TC"
"227","PENA CREEK","PEN 1",2016-03-30,"SS","STEELHEAD",2,1,"2015-2016","SL TC"
"228","PENA CREEK","PEN 1",2016-03-30,"SS","STEELHEAD",1,1,"2015-2016","SL TC"
"229","PENA CREEK","PEN 1",2016-03-30,"SS","STEELHEAD",1,1,"2015-2016","SL TC"
"230","PENA CREEK","PEN 1",2016-03-30,"SS","STEELHEAD",2,1,"2015-2016","SL TC"
"231","PENA CREEK","PEN 1",2016-03-30,"SS","STEELHEAD",2,1,"2015-2016","SL TC"
"232","PENA CREEK","PEN 1",2016-03-30,"SS","STEELHEAD",2,1,"2015-2016","SL TC"
"233","MARK WEST CREEK","MAR 11",2016-03-29,"SS","SALMONID SP",-9999,1,"2015-2016","AI SL"
"234","MARK WEST CREEK","MAR 11",2016-03-29,"SS","SALMONID SP",-9999,1,"2015-2016","AI SL"
"235","MARK WEST CREEK","MAR 12",2016-03-29,"SS","SALMONID SP",-9999,1,"2015-2016","AI SL"
"236","GRAPE CREEK","GRP 1",2016-03-28,"SS","STEELHEAD",2,1,"2015-2016","ZR AJ"
"237","GRAPE CREEK","GRP 1",2016-03-28,"SS","STEELHEAD",2,1,"2015-2016","ZR AJ"
"238","GRAPE CREEK","GRP 1",2016-03-28,"SS","STEELHEAD",2,1,"2015-2016","ZR AJ"
"239","WINE CREEK","WIN 1",2016-03-28,"SS","STEELHEAD",2,1,"2015-2016","ZR AJ"
"240","WINE CREEK","WIN 1",2016-03-28,"SS","STEELHEAD",2,1,"2015-2016","ZR AJ"
"241","WINE CREEK","WIN 1",2016-03-28,"SS","STEELHEAD",2,1,"2015-2016","ZR AJ"
"242","SANTA ROSA CREEK","SAN 9",2016-03-23,"SS","STEELHEAD",2,1,"2015-2016","WB JE"
"243","WALLACE CREEK","WAL 2",2016-03-23,"SS","COHO SALMON",2,1,"2015-2016","AM ZR"
"244","PECHACO CREEK","PEC 1",2016-03-23,"SS","STEELHEAD",2,1,"2015-2016","SL JD"
"245","PECHACO CREEK","PEC 1",2016-03-23,"SS","STEELHEAD",2,1,"2015-2016","SL JD"
"246","GRAY CREEK","GRA 1",2016-03-22,"SS","STEELHEAD",2,1,"2015-2016","SL SW"
"247","PENA CREEK","PEN 1",2016-03-18,"SS","STEELHEAD",1,1,"2015-2016","AI JD"
"248","PENA CREEK","PEN 5",2016-03-18,"SS","STEELHEAD",1,1,"2015-2016","SL DD"
"249","PENA CREEK","PEN 4",2016-03-18,"SS","STEELHEAD",2,1,"2015-2016","TC AAL"
"250","GRAPE CREEK","GRP 1",2016-03-16,"SS","STEELHEAD",1,1,"2015-2016","TC SW"
"251","WINE CREEK","WIN 1",2016-03-16,"SS","STEELHEAD",2,1,"2015-2016","TC SW"
"252","WINE CREEK","WIN 1",2016-03-04,"SS","STEELHEAD",2,1,"2015-2016","NB JD"
"253","WINE CREEK","WIN 1",2016-03-04,"SS","STEELHEAD",2,1,"2015-2016","NB JD"
"254","AUSTIN CREEK","AUS 5",2016-03-03,"SS","STEELHEAD",2,1,"2015-2016","JD SB"
"255","AUSTIN CREEK","AUS 5",2016-03-03,"SS","SALMONID SP",-9999,1,"2015-2016","JD SB"
"256","AUSTIN CREEK","AUS 6",2016-03-03,"SS","PACIFIC LAMPREY",1,1,"2015-2016","TC LP"
"257","AUSTIN CREEK","AUS 6",2016-03-03,"SS","SALMONID SP",-9999,1,"2015-2016","TC LP"
"258","AUSTIN CREEK","AUS 6",2016-03-03,"SS","STEELHEAD",2,1,"2015-2016","TC LP"
"259","GRAY CREEK","GRA 1",2016-03-03,"SS","STEELHEAD",2,1,"2015-2016","SL MW"
"260","MARK WEST CREEK","MAR 11",2016-03-02,"SS","STEELHEAD",2,1,"2015-2016","SL JD"
"261","MARK WEST CREEK","MAR 11",2016-03-02,"SS","STEELHEAD",2,1,"2015-2016","SL JD"
"262","MARK WEST CREEK","MAR 14",2016-03-02,"SS","STEELHEAD",2,1,"2015-2016","SW AI"
"263","MARK WEST CREEK","MAR 14",2016-03-02,"SS","SALMONID SP",-9999,1,"2015-2016","SW AI"
"264","MARK WEST CREEK","MAR 14",2016-03-02,"SS","STEELHEAD",2,1,"2015-2016","SW AI"
"265","MARK WEST CREEK","MAR 14",2016-03-02,"SS","STEELHEAD",2,1,"2015-2016","SW AI"
"266","MARK WEST CREEK","MAR 12",2016-03-02,"SS","STEELHEAD",2,1,"2015-2016","WB LP"
"267","SANTA ROSA CREEK","SAN 9",2016-03-02,"SS","SALMONID SP",-9999,1,"2015-2016","AI SW"
"268","SANTA ROSA CREEK","SAN 9",2016-03-02,"SS","SALMONID SP",-9999,1,"2015-2016","AI SW"
"269","SANTA ROSA CREEK","SAN 9",2016-03-02,"SS","SALMONID SP",-9999,1,"2015-2016","AI SW"
"270","GREEN VALLEY CREEK","GRE 1",2016-03-01,"SS","STEELHEAD",2,1,"2015-2016","JD LP"
"271","REDWOOD CREEK","RED 1",2016-03-01,"SS","SALMONID SP",-9999,1,"2015-2016","SL SW"
"272","PURRINGTON CREEK","PUR 1",2016-03-01,"SS","STEELHEAD",2,1,"2015-2016","ZR AI"
"273","PURRINGTON CREEK","PUR 1",2016-03-01,"SS","STEELHEAD",2,1,"2015-2016","ZR AI"
"274","PALMER CREEK","PAL 1",2016-02-29,"SS","STEELHEAD",2,1,"2015-2016","ZR JD"
"275","MILL CREEK","MIL 4",2016-02-29,"SS","STEELHEAD",2,1,"2015-2016","ZR JD"
"276","MILL CREEK","MIL 4",2016-02-29,"SS","STEELHEAD",2,1,"2015-2016","ZR JD"
"277","MILL CREEK","MIL 4",2016-02-29,"SS","STEELHEAD",2,1,"2015-2016","ZR JD"
"278","MARK WEST CREEK","MAR 9",2016-02-26,"SS","STEELHEAD",2,1,"2015-2016","NB NO"
"279","PENA CREEK","PEN 5",2016-02-26,"SS","STEELHEAD",2,1,"2015-2016","WB AAL"
"280","PORTER CREEK","POR 1",2016-02-26,"SS","SALMONID SP",-9999,1,"2015-2016","ZR DD"
"281","PORTER CREEK","POR 1",2016-02-26,"SS","STEELHEAD",2,1,"2015-2016","ZR DD"
"282","WOODS CREEK","WOO 1",2016-02-26,"SS","SALMONID SP",-9999,1,"2015-2016","WB AAL"
"283","HULBERT CREEK","HUL 3",2016-02-26,"SS","STEELHEAD",2,1,"2015-2016","ZR DD"
"284","PENA CREEK","PEN 1",2016-02-25,"SS","STEELHEAD",2,1,"2015-2016","DD LP"
"285","PENA CREEK","PEN 1",2016-02-25,"SS","STEELHEAD",2,1,"2015-2016","DD LP"
"286","PENA CREEK","PEN 1",2016-02-25,"SS","STEELHEAD",2,1,"2015-2016","DD LP"
"287","PENA CREEK","PEN 1",2016-02-25,"SS","STEELHEAD",1,1,"2015-2016","DD LP"
"288","PENA CREEK","PEN 1",2016-02-25,"SS","SALMONID SP",-9999,1,"2015-2016","DD LP"
"289","PENA CREEK","PEN 1",2016-02-25,"SS","SALMONID SP",-9999,1,"2015-2016","DD LP"
"290","PENA CREEK","PEN 1",2016-02-25,"SS","STEELHEAD",1,1,"2015-2016","DD LP"
"291","PENA CREEK","PEN 1",2016-02-25,"SS","STEELHEAD",2,1,"2015-2016","DD LP"
"292","PENA CREEK","PEN 1",2016-02-25,"SS","SALMONID SP",-9999,1,"2015-2016","DD LP"
"293","PENA CREEK","PEN 1",2016-02-25,"SS","SALMONID SP",-9999,1,"2015-2016","DD LP"
"294","PENA CREEK","PEN 4",2016-02-25,"SS","SALMONID SP",-9999,1,"2015-2016","TC SL"
"295","PENA CREEK","PEN 4",2016-02-25,"SS","SALMONID SP",-9999,1,"2015-2016","TC SL"
"296","PENA CREEK","PEN 4",2016-02-25,"SS","STEELHEAD",2,1,"2015-2016","TC SL"
"297","PORTER CREEK","POR 2",2016-02-25,"SS","STEELHEAD",2,1,"2015-2016","ZR SW"
"298","PORTER CREEK","POR 2",2016-02-25,"SS","COHO SALMON",2,1,"2015-2016","ZR SW"
"299","PORTER CREEK","POR 2",2016-02-25,"SS","STEELHEAD",2,1,"2015-2016","ZR SW"
"300","PORTER CREEK","POR 2",2016-02-25,"SS","STEELHEAD",2,1,"2015-2016","ZR SW"
"301","PECHACO CREEK","PEC 1",2016-02-25,"SS","SALMONID SP",-9999,1,"2015-2016","JD AI"
"302","PORTER CREEK","POR 3",2016-02-25,"SS","STEELHEAD",2,1,"2015-2016","ZR SW"
"303","GRAPE CREEK","GRP 1",2016-02-24,"SS","STEELHEAD",2,1,"2015-2016","SL ZR"
"304","GRAPE CREEK","GRP 1",2016-02-24,"SS","STEELHEAD",2,1,"2015-2016","SL ZR"
"305","WINE CREEK","WIN 1",2016-02-24,"SS","STEELHEAD",2,1,"2015-2016","ZR SL"
"306","WINE CREEK","WIN 1",2016-02-24,"SS","STEELHEAD",2,1,"2015-2016","ZR SL"
"307","WINE CREEK","WIN 1",2016-02-24,"SS","STEELHEAD",2,1,"2015-2016","ZR SL"
"308","WINE CREEK","WIN 1",2016-02-24,"SS","STEELHEAD",2,1,"2015-2016","ZR SL"
"309","SCHOOLHOUSE CREEK","GIL 1",2016-02-24,"SS","STEELHEAD",2,1,"2015-2016","NB AI"
"310","SCHOOLHOUSE CREEK","GIL 1",2016-02-24,"SS","STEELHEAD",2,1,"2015-2016","NB AI"
"311","AUSTIN CREEK","AUS 5",2016-02-23,"SS","SALMONID SP",-9999,1,"2015-2016","ZR JD"
"312","AUSTIN CREEK","AUS 5",2016-02-23,"SS","SALMONID SP",-9999,1,"2015-2016","ZR JD"
"313","AUSTIN CREEK","AUS 5",2016-02-23,"SS","STEELHEAD",2,1,"2015-2016","ZR JD"
"314","AUSTIN CREEK","AUS 5",2016-02-23,"SS","STEELHEAD",2,1,"2015-2016","ZR JD"
"315","AUSTIN CREEK","AUS 6",2016-02-23,"SS","SALMONID SP",-9999,1,"2015-2016","TC NB"
"316","AUSTIN CREEK","AUS 6",2016-02-23,"SS","SALMONID SP",-9999,1,"2015-2016","TC NB"
"317","MARK WEST CREEK","MAR 12",2016-02-23,"SS","COHO SALMON",2,1,"2015-2016","SW EM CO"
"318","MARK WEST CREEK","MAR 12",2016-02-23,"SS","STEELHEAD",2,1,"2015-2016","SW EM CO"
"319","MARK WEST CREEK","MAR 12",2016-02-23,"SS","STEELHEAD",2,1,"2015-2016","SW EM CO"
"320","MARK WEST CREEK","MAR 12",2016-02-23,"SS","SALMONID SP",-9999,1,"2015-2016","SW EM CO"
"321","REDWOOD CREEK","RED 1",2016-02-22,"SS","STEELHEAD",2,1,"2015-2016","JR WB"
"322","REDWOOD CREEK","RED 1",2016-02-22,"SS","STEELHEAD",2,1,"2015-2016","JR WB"
"323","REDWOOD CREEK","RED 1",2016-02-22,"SS","STEELHEAD",2,1,"2015-2016","JR WB"
"324","REDWOOD CREEK","RED 1",2016-02-22,"SS","SALMONID SP",-9999,1,"2015-2016","JR WB"
"325","GREEN VALLEY CREEK","GRE 1",2016-02-19,"SS","STEELHEAD",2,1,"2015-2016","JD WB"
"326","GREEN VALLEY CREEK","GRE 1",2016-02-19,"SS","STEELHEAD",2,1,"2015-2016","JD WB"
"327","GREEN VALLEY CREEK","GRE 1",2016-02-19,"SS","STEELHEAD",2,1,"2015-2016","JD WB"
"328","GREEN VALLEY CREEK","GRE 1",2016-02-19,"SS","STEELHEAD",2,1,"2015-2016","JD WB"
"329","GREEN VALLEY CREEK","GRE 1",2016-02-19,"SS","SALMONID SP",-9999,1,"2015-2016","JD WB"
"330","MARK WEST CREEK","MAR 14",2016-02-19,"SS","STEELHEAD",2,1,"2015-2016","DD AI"
"331","MARK WEST CREEK","MAR 14",2016-02-19,"SS","SALMONID SP",-9999,1,"2015-2016","DD AI"
"332","FELTA CREEK","FEL 1",2016-02-18,"SS","STEELHEAD",2,1,"2015-2016","ZR SL"
"333","FELTA CREEK","FEL 1",2016-02-18,"SS","STEELHEAD",2,1,"2015-2016","ZR SL"
"334","FELTA CREEK","FEL 1",2016-02-18,"SS","STEELHEAD",2,1,"2015-2016","ZR SL"
"335","PORTER CREEK","POR 1",2016-02-17,"SS","STEELHEAD",2,1,"2015-2016","NB DD"
"336","PORTER CREEK","POR 3",2016-02-17,"SS","STEELHEAD",2,1,"2015-2016","AB AI"
"337","HULBERT CREEK","HUL 3",2016-02-17,"SS","STEELHEAD",2,1,"2015-2016","DD NB"
"338","PENA CREEK","PEN 1",2016-02-16,"SS","SALMONID SP",-9999,1,"2015-2016","SL WB SB"
"339","PENA CREEK","PEN 1",2016-02-16,"SS","STEELHEAD",2,1,"2015-2016","SL WB SB"
"340","PENA CREEK","PEN 1",2016-02-16,"SS","STEELHEAD",1,1,"2015-2016","SL WB SB"
"341","PENA CREEK","PEN 1",2016-02-16,"SS","STEELHEAD",2,1,"2015-2016","SL WB SB"
"342","PENA CREEK","PEN 1",2016-02-16,"SS","STEELHEAD",2,1,"2015-2016","SL WB SB"
"343","PENA CREEK","PEN 1",2016-02-16,"SS","STEELHEAD",2,1,"2015-2016","SL WB SB"
"344","PENA CREEK","PEN 1",2016-02-16,"SS","STEELHEAD",2,1,"2015-2016","SL WB SB"
"345","PENA CREEK","PEN 1",2016-02-16,"SS","SALMONID SP",-9999,1,"2015-2016","SL WB SB"
"346","PENA CREEK","PEN 1",2016-02-16,"SS","CHINOOK SALMON",2,1,"2015-2016","SL WB SB"
"347","PENA CREEK","PEN 1",2016-02-16,"SS","STEELHEAD",2,1,"2015-2016","SL WB SB"
"348","PENA CREEK","PEN 1",2016-02-16,"SS","SALMONID SP",-9999,1,"2015-2016","SL WB SB"
"349","PENA CREEK","PEN 1",2016-02-16,"SS","CHINOOK SALMON",2,1,"2015-2016","SL WB SB"
"350","PENA CREEK","PEN 1",2016-02-16,"SS","STEELHEAD",2,1,"2015-2016","SL WB SB"
"351","PENA CREEK","PEN 1",2016-02-16,"SS","SALMONID SP",-9999,1,"2015-2016","SL WB SB"
"352","PENA CREEK","PEN 1",2016-02-16,"SS","SALMONID SP",-9999,1,"2015-2016","SL WB SB"
"353","PENA CREEK","PEN 1",2016-02-16,"SS","STEELHEAD",2,1,"2015-2016","SL WB SB"
"354","PENA CREEK","PEN 1",2016-02-16,"SS","STEELHEAD",2,1,"2015-2016","SL WB SB"
"355","PENA CREEK","PEN 1",2016-02-16,"SS","STEELHEAD",2,1,"2015-2016","SL WB SB"
"356","PENA CREEK","PEN 1",2016-02-16,"SS","SALMONID SP",-9999,1,"2015-2016","SL WB SB"
"357","PENA CREEK","PEN 1",2016-02-16,"SS","STEELHEAD",2,1,"2015-2016","SL WB SB"
"358","PENA CREEK","PEN 1",2016-02-16,"SS","STEELHEAD",2,1,"2015-2016","SL WB SB"
"359","PENA CREEK","PEN 1",2016-02-16,"SS","STEELHEAD",2,1,"2015-2016","SL WB SB"
"360","PENA CREEK","PEN 1",2016-02-16,"SS","STEELHEAD",2,1,"2015-2016","SL WB SB"
"361","PENA CREEK","PEN 1",2016-02-16,"SS","SALMONID SP",-9999,1,"2015-2016","SL WB SB"
"362","PENA CREEK","PEN 1",2016-02-16,"SS","SALMONID SP",-9999,1,"2015-2016","SL WB SB"
"363","PENA CREEK","PEN 1",2016-02-16,"SS","STEELHEAD",2,1,"2015-2016","SL WB SB"
"364","PENA CREEK","PEN 1",2016-02-16,"SS","CHINOOK SALMON",2,1,"2015-2016","SL WB SB"
"365","PENA CREEK","PEN 4",2016-02-16,"SS","STEELHEAD",2,1,"2015-2016","TC LP"
"366","PENA CREEK","PEN 4",2016-02-16,"SS","STEELHEAD",2,1,"2015-2016","TC LP"
"367","PENA CREEK","PEN 4",2016-02-16,"SS","STEELHEAD",2,1,"2015-2016","TC LP"
"368","PENA CREEK","PEN 4",2016-02-16,"SS","SALMONID SP",-9999,1,"2015-2016","TC LP"
"369","PENA CREEK","PEN 4",2016-02-16,"SS","SALMONID SP",-9999,1,"2015-2016","TC LP"
"370","PENA CREEK","PEN 4",2016-02-16,"SS","STEELHEAD",1,1,"2015-2016","TC LP"
"371","WOODS CREEK","WOO 1",2016-02-16,"SS","SALMONID SP",-9999,1,"2015-2016","DD AI"
"372","PENA CREEK","PEN 3",2016-02-16,"SS","STEELHEAD",2,1,"2015-2016","SW JD"
"373","MILL CREEK","MIL 1",2016-02-11,"SS","SALMONID SP",-9999,1,"2015-2016","LP MOH"
"374","MILL CREEK","MIL 1",2016-02-11,"SS","SALMONID SP",-9999,1,"2015-2016","LP MOH"
"375","MILL CREEK","MIL 1",2016-02-11,"SS","STEELHEAD",2,1,"2015-2016","LP MOH"
"376","MILL CREEK","MIL 3",2016-02-11,"SS","STEELHEAD",2,1,"2015-2016","NB SW"
"377","FELTA CREEK","FEL 1",2016-02-11,"SS","SALMONID SP",-9999,1,"2015-2016","LP MOH"
"378","REDWOOD CREEK","RED 1",2016-02-10,"SS","SALMONID SP",-9999,1,"2015-2016","TC LP"
"379","REDWOOD CREEK","RED 1",2016-02-10,"SS","SALMONID SP",-9999,1,"2015-2016","TC LP"
"380","REDWOOD CREEK","RED 1",2016-02-10,"SS","SALMONID SP",-9999,1,"2015-2016","TC LP"
"381","GRAPE CREEK","GRP 1",2016-02-10,"SS","SALMONID SP",-9999,1,"2015-2016","ZR SL"
"382","GRAPE CREEK","GRP 1",2016-02-10,"SS","SALMONID SP",-9999,1,"2015-2016","ZR SL"
"383","AUSTIN CREEK","AUS 6",2016-02-10,"SS","COHO SALMON",1,1,"2015-2016","WB SW AL"
"384","AUSTIN CREEK","AUS 6",2016-02-10,"SS","SALMONID SP",-9999,1,"2015-2016","WB SW AL"
"385","AUSTIN CREEK","AUS 6",2016-02-10,"SS","COHO SALMON",2,1,"2015-2016","WB SW AL"
"386","AUSTIN CREEK","AUS 6",2016-02-10,"SS","STEELHEAD",2,1,"2015-2016","WB SW AL"
"387","AUSTIN CREEK","AUS 6",2016-02-10,"SS","COHO SALMON",2,1,"2015-2016","WB SW AL"
"388","AUSTIN CREEK","AUS 6",2016-02-10,"SS","STEELHEAD",2,1,"2015-2016","WB SW AL"
"389","AUSTIN CREEK","AUS 6",2016-02-10,"SS","SALMONID SP",-9999,1,"2015-2016","WB SW AL"
"390","WINE CREEK","WIN 1",2016-02-10,"SS","STEELHEAD",2,1,"2015-2016","SL ZR"
"391","SCHOOLHOUSE CREEK","GIL 1",2016-02-10,"SS","SALMONID SP",-9999,1,"2015-2016","JR DD"
"392","GREEN VALLEY CREEK","GRE 1",2016-02-09,"SS","SALMONID SP",-9999,1,"2015-2016","JD SB ES"
"393","PURRINGTON CREEK","PUR 1",2016-02-09,"SS","STEELHEAD",2,1,"2015-2016","TC MH"
"394","PURRINGTON CREEK","PUR 1",2016-02-09,"SS","STEELHEAD",2,1,"2015-2016","TC MH"
"395","DUTCH BILL CREEK","DUT 1",2016-02-08,"SS","STEELHEAD",2,1,"2015-2016","WB LP AL"
"396","DUTCH BILL CREEK","DUT 1",2016-02-08,"SS","SALMONID SP",-9999,1,"2015-2016","WB LP AL"
"397","DUTCH BILL CREEK","DUT 1",2016-02-08,"SS","SALMONID SP",-9999,1,"2015-2016","WB LP AL"
"398","DUTCH BILL CREEK","DUT 1",2016-02-08,"SS","STEELHEAD",2,1,"2015-2016","WB LP AL"
"399","DUTCH BILL CREEK","DUT 2",2016-02-08,"SS","SALMONID SP",-9999,1,"2015-2016","AI MOH"
"400","MILL CREEK","MIL 2",2016-02-05,"SS","SALMONID SP",-9999,1,"2015-2016","DD AP"
"401","PORTER CREEK","POR 1",2016-02-05,"SS","STEELHEAD",2,1,"2015-2016","AB JD"
"402","PORTER CREEK","POR 1",2016-02-05,"SS","SALMONID SP",-9999,1,"2015-2016","AB JD"
"403","PORTER CREEK","POR 3",2016-02-05,"SS","STEELHEAD",2,1,"2015-2016","WB LP DP"
"404","HULBERT CREEK","HUL 3",2016-02-05,"SS","SALMONID SP",-9999,1,"2015-2016","AB JD"
"405","GRAPE CREEK","GRP 1",2016-02-04,"SS","STEELHEAD",2,1,"2015-2016","SL TC"
"406","MILL CREEK","MIL 1",2016-02-04,"SS","SALMONID SP",-9999,1,"2015-2016","ZR AI"
"407","MILL CREEK","MIL 1",2016-02-04,"SS","STEELHEAD",2,1,"2015-2016","ZR AI"
"408","FELTA CREEK","FEL 1",2016-02-04,"SS","STEELHEAD",2,1,"2015-2016","DD MOH"
"409","FELTA CREEK","FEL 1",2016-02-04,"SS","SALMONID SP",-9999,1,"2015-2016","DD MOH"
"410","FELTA CREEK","FEL 1",2016-02-04,"SS","SALMONID SP",-9999,1,"2015-2016","DD MOH"
"411","FELTA CREEK","FEL 1",2016-02-04,"SS","SALMONID SP",-9999,1,"2015-2016","DD MOH"
"412","FELTA CREEK","FEL 1",2016-02-04,"SS","STEELHEAD",2,1,"2015-2016","DD MOH"
"413","FELTA CREEK","FEL 1",2016-02-04,"SS","STEELHEAD",2,1,"2015-2016","DD MOH"
"414","MILL CREEK","MIL 4",2016-02-04,"SS","SALMONID SP",-9999,1,"2015-2016","NB JD"
"415","WINE CREEK","WIN 1",2016-02-04,"SS","STEELHEAD",2,1,"2015-2016","SL TC"
"416","WINE CREEK","WIN 1",2016-02-04,"SS","STEELHEAD",2,1,"2015-2016","SL TC"
"417","MILL CREEK","MIL1.5",2016-02-04,"SS","STEELHEAD",2,1,"2015-2016","ZR AI"
"418","PALMER CREEK","PAL 1",2016-02-04,"SS","SALMONID SP",-9999,1,"2015-2016","DD MOH"
"419","PENA CREEK","PEN 1",2016-02-03,"SS","SALMONID SP",-9999,1,"2015-2016","ZR SL"
"420","PENA CREEK","PEN 1",2016-02-03,"SS","STEELHEAD",1,1,"2015-2016","ZR SL"
"421","PENA CREEK","PEN 1",2016-02-03,"SS","STEELHEAD",1,1,"2015-2016","ZR SL"
"422","PENA CREEK","PEN 1",2016-02-03,"SS","CHINOOK SALMON",2,1,"2015-2016","ZR SL"
"423","PENA CREEK","PEN 1",2016-02-03,"SS","STEELHEAD",1,1,"2015-2016","ZR SL"
"424","MARK WEST CREEK","MAR 14",2016-02-03,"SS","SALMONID SP",-9999,1,"2015-2016","DD AL ES"
"425","MARK WEST CREEK","MAR 14",2016-02-03,"SS","SALMONID SP",-9999,1,"2015-2016","DD AL ES"
"426","PENA CREEK","PEN 5",2016-02-03,"SS","SALMONID SP",-9999,1,"2015-2016","LP AI"
"427","PENA CREEK","PEN 3",2016-02-03,"SS","SALMONID SP",-9999,1,"2015-2016","AB JR"
"428","PURRINGTON CREEK","PUR 1",2016-02-02,"SS","STEELHEAD",2,1,"2015-2016","TC SW"
"429","PURRINGTON CREEK","PUR 1",2016-02-02,"SS","COHO SALMON",2,1,"2015-2016","TC SW"
"430","PURRINGTON CREEK","PUR 1",2016-02-02,"SS","STEELHEAD",1,1,"2015-2016","TC SW"
"431","GREEN VALLEY CREEK","GRE 1",2016-02-02,"SS","SALMONID SP",-9999,1,"2015-2016","LP AI"
"432","AUSTIN CREEK","AUS 5",2016-02-02,"SS","STEELHEAD",2,1,"2015-2016","WB AB"
"433","DUTCH BILL CREEK","DUT 1",2016-02-01,"SS","STEELHEAD",2,1,"2015-2016","AJ MOH"
"434","DUTCH BILL CREEK","DUT 2",2016-02-01,"SS","SALMONID SP",-9999,1,"2015-2016","ZR AI JR"
"435","REDWOOD CREEK","RED 1",2016-01-29,"SS","SALMONID SP",-9999,1,"2015-2016","AB JD DP"
"436","REDWOOD CREEK","RED 1",2016-01-29,"SS","SALMONID SP",-9999,1,"2015-2016","AB JD DP"
"437","REDWOOD CREEK","RED 1",2016-01-29,"SS","SALMONID SP",-9999,1,"2015-2016","AB JD DP"
"438","GRAPE CREEK","GRP 1",2016-01-29,"SS","STEELHEAD",2,1,"2015-2016","WB TC NO AAL"
"439","GRAPE CREEK","GRP 2",2016-01-29,"SS","STEELHEAD",2,1,"2015-2016","WB TC NO AAL"
"440","WINE CREEK","WIN 1",2016-01-29,"SS","STEELHEAD",2,1,"2015-2016","TC WB NO AAL"
"441","WINE CREEK","WIN 1",2016-01-29,"SS","STEELHEAD",2,1,"2015-2016","TC WB NO AAL"
"442","WINE CREEK","WIN 1",2016-01-29,"SS","SALMONID SP",-9999,1,"2015-2016","TC WB NO AAL"
"443","WINE CREEK","WIN 1",2016-01-29,"SS","STEELHEAD",2,1,"2015-2016","TC WB NO AAL"
"444","HULBERT CREEK","HUL 3",2016-01-28,"SS","COHO SALMON",2,1,"2015-2016","MOH JD"
"445","HULBERT CREEK","HUL 3",2016-01-28,"SS","CHINOOK SALMON",2,1,"2015-2016","MOH JD"
"446","MARK WEST CREEK","MAR 11",2016-01-28,"SS","COHO SALMON",1,1,"2015-2016","SL DD"
"447","PORTER CREEK","POR 2",2016-01-28,"SS","STEELHEAD",2,1,"2015-2016","ZR SW"
"448","PORTER CREEK","POR 2",2016-01-28,"SS","SALMONID SP",-9999,1,"2015-2016","ZR SW"
"449","PORTER CREEK","POR 1",2016-01-28,"SS","SALMONID SP",-9999,1,"2015-2016","JD MOH"
"450","PORTER CREEK","POR 1",2016-01-28,"SS","SALMONID SP",-9999,1,"2015-2016","JD MOH"
"451","MARK WEST CREEK","MAR 14",2016-01-28,"SS","STEELHEAD",2,1,"2015-2016","AI NB"
"452","MARK WEST CREEK","MAR 14",2016-01-28,"SS","STEELHEAD",2,1,"2015-2016","AI NB"
"453","MARK WEST CREEK","MAR 14",2016-01-28,"SS","STEELHEAD",2,1,"2015-2016","AI NB"
"454","MARK WEST CREEK","MAR 14",2016-01-28,"SS","SALMONID SP",-9999,1,"2015-2016","AI NB"
"455","MARK WEST CREEK","MAR 14",2016-01-28,"SS","SALMONID SP",-9999,1,"2015-2016","AI NB"
"456","MILL CREEK","MIL 1",2016-01-28,"SS","SALMONID SP",-9999,1,"2015-2016","TC LP"
"457","PENA CREEK","PEN 4",2016-01-27,"SS","SALMONID SP",-9999,1,"2015-2016","WB DP AL"
"458","PENA CREEK","PEN 4",2016-01-27,"SS","SALMONID SP",-9999,1,"2015-2016","WB DP AL"
"459","PENA CREEK","PEN 4",2016-01-27,"SS","STEELHEAD",2,1,"2015-2016","WB DP AL"
"460","PENA CREEK","PEN 4",2016-01-27,"SS","STEELHEAD",1,1,"2015-2016","WB DP AL"
"461","PENA CREEK","PEN 5",2016-01-27,"SS","STEELHEAD",2,1,"2015-2016","TC SW DA"
"462","WOODS CREEK","WOO 1",2016-01-27,"SS","SALMONID SP",-9999,1,"2015-2016","TC SW DA"
"463","WOODS CREEK","WOO 1",2016-01-27,"SS","SALMONID SP",-9999,1,"2015-2016","TC SW DA"
"464","WOODS CREEK","WOO 1",2016-01-27,"SS","STEELHEAD",2,1,"2015-2016","TC SW DA"
"465","PENA CREEK","PEN 3",2016-01-27,"SS","STEELHEAD",2,1,"2015-2016","AJ NO"
"466","AUSTIN CREEK","AUS 5",2016-01-26,"SS","STEELHEAD",1,1,"2015-2016","NB AI SB"
"467","DUTCH BILL CREEK","DUT 1",2016-01-25,"SS","STEELHEAD",2,1,"2015-2016","ZR JD AL"
"468","MILL CREEK","MIL 2",2016-01-25,"SS","STEELHEAD",1,1,"2015-2016","WB MOH"
"469","MILL CREEK","MIL 2",2016-01-25,"SS","SALMONID SP",-9999,1,"2015-2016","WB MOH"
"470","MILL CREEK","MIL 2",2016-01-25,"SS","COHO SALMON",2,1,"2015-2016","WB MOH"
"471","MILL CREEK","MIL 2",2016-01-25,"SS","COHO SALMON",2,1,"2015-2016","WB MOH"
"472","MILL CREEK","MIL 4",2016-01-21,"SS","STEELHEAD",2,1,"2015-2016","NB MOH"
"473","WINE CREEK","WIN 1",2016-01-21,"SS","STEELHEAD",2,1,"2015-2016","TC WB"
"474","WINE CREEK","WIN 1",2016-01-21,"SS","STEELHEAD",2,1,"2015-2016","TC WB"
"475","WINE CREEK","WIN 1",2016-01-21,"SS","SALMONID SP",-9999,1,"2015-2016","TC WB"
"476","WINE CREEK","WIN 1",2016-01-21,"SS","STEELHEAD",1,1,"2015-2016","TC WB"
"477","WINE CREEK","WIN 1",2016-01-21,"SS","STEELHEAD",1,1,"2015-2016","TC WB"
"478","GILLIAM CREEK","GIL 1",2016-01-21,"SS","STEELHEAD",1,1,"2015-2016","SW AI NO"
"479","FELTA CREEK","FEL 1",2016-01-21,"SS","COHO SALMON",1,1,"2015-2016","DD DP"
"480","REDWOOD CREEK","RED 1",2016-01-14,"SS","COHO SALMON",1,1,"2015-2016","ZR AI"
"481","REDWOOD CREEK","RED 1",2016-01-14,"SS","CHINOOK SALMON",2,1,"2015-2016","ZR AI"
"482","REDWOOD CREEK","RED 1",2016-01-14,"SS","COHO SALMON",1,1,"2015-2016","ZR AI"
"483","PENA CREEK","PEN 5",2016-01-12,"SS","STEELHEAD",2,1,"2015-2016","TC SW"
"484","WOODS CREEK","WOO 1",2016-01-12,"SS","CHINOOK SALMON",1,1,"2015-2016","TC SW"
"485","WOODS CREEK","WOO 1",2016-01-12,"SS","STEELHEAD",1,1,"2015-2016","TC SW"
"486","PENA CREEK","PEN 4",2016-01-12,"SS","SALMONID SP",-9999,1,"2015-2016","SL ZR"
"487","PENA CREEK","PEN 4",2016-01-12,"SS","CHINOOK SALMON",1,1,"2015-2016","SL ZR"
"488","PENA CREEK","PEN 4",2016-01-12,"SS","COHO SALMON",1,1,"2015-2016","SL ZR"
"489","PORTER CREEK","POR 1",2016-01-12,"SS","COHO SALMON",1,1,"2015-2016","DD JD"
"490","GREEN VALLEY CREEK","GRE 2",2016-01-11,"SS","SALMONID SP",-9999,1,"2015-2016","AJ DD"
"491","GREEN VALLEY CREEK","GRE 2",2016-01-11,"SS","SALMONID SP",-9999,1,"2015-2016","AJ DD"
"492","NUTTY VALLEY CREEK","GRE 2",2016-01-11,"SS","COHO SALMON",1,1,"2015-2016","AB NB"
"493","WINE CREEK","WIN 1",2016-01-08,"SS","STEELHEAD",1,1,"2015-2016","ZR TC"
"494","WINE CREEK","WIN 1",2016-01-08,"SS","COHO SALMON",1,1,"2015-2016","ZR TC"
"495","WINE CREEK","WIN 1",2016-01-08,"SS","STEELHEAD",1,1,"2015-2016","ZR TC"
"496","MILL CREEK","MIL 2",2016-01-04,"SS","COHO SALMON",2,1,"2015-2016","WB AI"
"497","MILL CREEK","MIL 2",2016-01-04,"SS","COHO SALMON",1,1,"2015-2016","WB AI"
"498","MILL CREEK","MIL 2",2016-01-04,"SS","COHO SALMON",1,1,"2015-2016","WB AI"
"499","MILL CREEK","MIL 2",2016-01-04,"SS","STEELHEAD",2,1,"2015-2016","WB AI"
"500","MILL CREEK","MIL 2",2016-01-04,"SS","COHO SALMON",2,1,"2015-2016","WB AI"
"501","MILL CREEK","MIL 2",2016-01-04,"SS","COHO SALMON",2,1,"2015-2016","WB AI"
"502","MILL CREEK","MIL 2",2016-01-04,"SS","COHO SALMON",2,1,"2015-2016","WB AI"
"503","MILL CREEK","MIL 2",2016-01-04,"SS","COHO SALMON",2,1,"2015-2016","WB AI"
"504","WILLOW CREEK","WIL 3",2016-01-03,"SS","SALMONID SP",-9999,1,"2015-2016","WB JP"
"505","WILLOW CREEK","WIL 3",2016-01-03,"SS","COHO SALMON",2,1,"2015-2016","WB JP"
"506","WILLOW CREEK","WIL 3",2016-01-03,"SS","COHO SALMON",2,1,"2015-2016","WB JP"
"507","WILLOW CREEK","WIL 3",2016-01-03,"SS","COHO SALMON",2,1,"2015-2016","WB JP"
"508","WILLOW CREEK","WIL 3",2016-01-03,"SS","SALMONID SP",-9999,1,"2015-2016","WB JP"
"509","WILLOW CREEK","WIL 3",2016-01-03,"SS","SALMONID SP",-9999,1,"2015-2016","WB JP"
"510","WILLOW CREEK","WIL 3",2016-01-03,"SS","STEELHEAD",2,1,"2015-2016","WB JP"
"511","WILLOW CREEK","WIL 3",2016-01-03,"SS","COHO SALMON",2,1,"2015-2016","WB JP"
"512","WILLOW CREEK","WIL 3",2016-01-03,"SS","SALMONID SP",-9999,1,"2015-2016","WB JP"
"513","WILLOW CREEK","WIL 4",2016-01-03,"SS","SALMONID SP",-9999,1,"2015-2016","WB JP"
"514","WILLOW CREEK","WIL 4",2016-01-03,"SS","STEELHEAD",2,1,"2015-2016","WB JP"
"515","WILLOW CREEK","WIL 4",2016-01-03,"SS","STEELHEAD",2,1,"2015-2016","WB JP"
"516","WILLOW CREEK","WIL 4",2016-01-03,"SS","STEELHEAD",2,1,"2015-2016","WB JP"
"517","WILLOW CREEK","WIL 4",2016-01-03,"SS","COHO SALMON",2,1,"2015-2016","WB JP"
"518","WILLOW CREEK","WIL 4",2016-01-03,"SS","COHO SALMON",2,1,"2015-2016","WB JP"
"519","WILLOW CREEK","WIL 4",2016-01-03,"SS","COHO SALMON",2,1,"2015-2016","WB JP"
"520","WILLOW CREEK","WIL 4",2016-01-03,"SS","COHO SALMON",2,1,"2015-2016","WB JP"
"521","WILLOW CREEK","WIL 4",2016-01-03,"SS","SALMONID SP",-9999,1,"2015-2016","WB JP"
"522","WILLOW CREEK","WIL 4",2016-01-03,"SS","COHO SALMON",2,1,"2015-2016","WB JP"
"523","WILLOW CREEK","WIL 4",2016-01-03,"SS","COHO SALMON",2,1,"2015-2016","WB JP"
"524","WILLOW CREEK","WIL 4",2016-01-03,"SS","SALMONID SP",-9999,1,"2015-2016","WB JP"
"525","WILLOW CREEK","WIL 4",2016-01-03,"SS","SALMONID SP",-9999,1,"2015-2016","WB JP"
"526","WILLOW CREEK","WIL 4",2016-01-03,"SS","COHO SALMON",2,1,"2015-2016","WB JP"
"527","REDWOOD CREEK","RED 1",2015-12-30,"SS","SALMONID SP",-9999,1,"2015-2016","ZR AI"
"528","GILLIAM CREEK","GIL 1",2015-12-29,"SS","SALMONID SP",-9999,1,"2015-2016","WB AI"
"529","GILLIAM CREEK","GIL 1",2015-12-29,"SS","SALMONID SP",-9999,1,"2015-2016","WB AI"
"530","GILLIAM CREEK","GIL 1",2015-12-29,"SS","COHO SALMON",2,1,"2015-2016","WB AI"
"531","GILLIAM CREEK","GIL 1",2015-12-29,"SS","COHO SALMON",2,1,"2015-2016","WB AI"
"532","GILLIAM CREEK","GIL 1",2015-12-29,"SS","SALMONID SP",-9999,1,"2015-2016","WB AI"
"533","PENA CREEK","PEN 4",2015-12-29,"SS","CHINOOK SALMON",2,1,"2015-2016","AJ JP"
"534","PENA CREEK","PEN 3",2015-12-29,"SS","CHINOOK SALMON",1,1,"2015-2016","DD SW"
"535","PENA CREEK","PEN 3",2015-12-29,"SS","CHINOOK SALMON",2,1,"2015-2016","DD SW"
"536","DUTCH BILL CREEK","DUT 1",2015-12-28,"SS","COHO SALMON",2,1,"2015-2016","WB AI"
"537","DUTCH BILL CREEK","DUT 1",2015-12-28,"SS","COHO SALMON",2,1,"2015-2016","WB AI"
"538","DUTCH BILL CREEK","DUT 2",2015-12-28,"SS","SALMONID SP",-9999,1,"2015-2016","DD SL"
"539","DUTCH BILL CREEK","DUT 2",2015-12-28,"SS","COHO SALMON",2,1,"2015-2016","DD SL"
"540","GREEN VALLEY CREEK","GRE 2",2015-12-24,"SS","COHO SALMON",1,1,"2015-2016","AB SL"
"541","GREEN VALLEY CREEK","GRE 2",2015-12-24,"SS","COHO SALMON",2,1,"2015-2016","AB SL"
"542","GREEN VALLEY CREEK","GRE 2",2015-12-24,"SS","COHO SALMON",2,1,"2015-2016","AB SL"
"543","PENA CREEK","PEN 1",2015-12-18,"SS","SALMONID SP",-9999,1,"2015-2016","AB JP NB JD"
"544","PENA CREEK","PEN 1",2015-12-18,"SS","SALMONID SP",-9999,1,"2015-2016","AB JP NB JD"
"545","PENA CREEK","PEN 1",2015-12-18,"SS","SALMONID SP",-9999,1,"2015-2016","AB JP NB JD"
"546","GRAY CREEK","GRA 1",2015-12-17,"SS","COHO SALMON",2,1,"2015-2016","ZR NB"
"547","GRAY CREEK","GRA 2",2015-12-17,"SS","SALMONID SP",-9999,1,"2015-2016","TC DD"
"548","MILL CREEK","MIL1.5",2015-12-16,"SS","COHO SALMON",2,1,"2015-2016","ZR MH"
"549","Pena Creek","PEN 1",2015-04-13,"SS","STEELHEAD",2,1,"2014-2015","LP HF"
"550","Pena Creek","PEN 1",2015-04-13,"SS","STEELHEAD",2,1,"2014-2015","LP HF"
"551","Pena Creek","PEN 1",2015-04-13,"SS","STEELHEAD",2,1,"2014-2015","LP HF"
"552","Pena Creek","PEN 1",2015-04-13,"SS","STEELHEAD",2,1,"2014-2015","LP HF"
"553","Pena Creek","PEN 1",2015-04-13,"SS","STEELHEAD",2,1,"2014-2015","LP HF"
"554","Pena Creek","PEN 1",2015-04-13,"SS","STEELHEAD",2,1,"2014-2015","LP HF"
"555","Pena Creek","PEN 1",2015-04-13,"SS","STEELHEAD",2,1,"2014-2015","LP HF"
"556","Mill Creek","MIL 1",2015-04-13,"SS","STEELHEAD",2,1,"2014-2015","BW RH"
"557","Maacama Creek","MAA 4",2015-04-06,"SS","STEELHEAD",2,1,"2014-2015","VA AN"
"558","Redwood Creek","RED 1",2015-04-06,"SS","STEELHEAD",2,1,"2014-2015","DD SW"
"559","Green Valley Creek","GRE 1",2015-03-31,"SS","SALMONID SP",-9999,1,"2014-2015","DD CM"
"560","Mill Creek","MIL 1",2015-03-30,"SS","STEELHEAD",2,1,"2014-2015","AN VA"
"561","Mill Creek","MIL 1",2015-03-30,"SS","STEELHEAD",2,1,"2014-2015","AN VA"
"562","Mill Creek","MIL 1",2015-03-30,"SS","SALMONID SP",-9999,1,"2014-2015","AN VA"
"563","Mill Creek","MIL 1",2015-03-30,"SS","STEELHEAD",2,1,"2014-2015","AN VA"
"564","Pena Creek","PEN 1",2015-03-26,"SS","STEELHEAD",1,1,"2014-2015","BW LP"
"565","Pena Creek","PEN 1",2015-03-26,"SS","STEELHEAD",2,1,"2014-2015","BW LP"
"566","Pena Creek","PEN 4",2015-03-25,"SS","STEELHEAD",2,1,"2014-2015","JB,ZS,CR"
"567","Pena Creek","PEN 4",2015-03-25,"SS","STEELHEAD",2,1,"2014-2015","JB,ZS,CR"
"568","Pena Creek","PEN 4",2015-03-25,"SS","SALMONID SP",-9999,1,"2014-2015","JB,ZS,CR"
"569","Pena Creek","PEN 4",2015-03-25,"SS","SALMONID SP",-9999,1,"2014-2015","JB,ZS,CR"
"570","Pena Creek","PEN 4",2015-03-25,"SS","STEELHEAD",2,1,"2014-2015","JB,ZS,CR"
"571","Pena Creek","PEN 4",2015-03-25,"SS","STEELHEAD",2,1,"2014-2015","JB,ZS,CR"
"572","Pena Creek","PEN 4",2015-03-25,"SS","STEELHEAD",2,1,"2014-2015","JB,ZS,CR"
"573","Woods Creek","WOO 1",2015-03-25,"SS","STEELHEAD",2,1,"2014-2015","AN SW"
"574","Maacama Creek","MAA 4",2015-03-23,"SS","SALMONID SP",-9999,1,"2014-2015","JB DD"
"575","Maacama Creek","MAA 4",2015-03-23,"SS","SALMONID SP",-9999,1,"2014-2015","JB DD"
"576","Maacama Creek","MAA 4",2015-03-23,"SS","STEELHEAD",1,1,"2014-2015","JB DD"
"577","Porter Creek","POR 1",2015-03-23,"SS","PACIFIC LAMPREY",2,1,"2014-2015","WB SW"
"578","Redwood Creek","RED 2",2015-03-23,"SS","STEELHEAD",2,1,"2014-2015","AN RH"
"579","Mill Creek","MIL 3",2015-03-20,"SS","SALMONID SP",-9999,1,"2014-2015","BW DD"
"580","Mill Creek","MIL 3",2015-03-20,"SS","SALMONID SP",-9999,1,"2014-2015","BW DD"
"581","Green Valley Creek","GRE 1",2015-03-20,"SS","STEELHEAD",2,1,"2014-2015","AN SW"
"582","Mill Creek","MIL 4",2015-03-19,"SS","STEELHEAD",2,1,"2014-2015","AN BB"
"583","Mill Creek","MIL 4",2015-03-19,"SS","STEELHEAD",2,1,"2014-2015","AN BB"
"584","Austin Creek","AUS 5",2015-03-19,"SS","SALMONID SP",-9999,1,"2014-2015","AJ JB"
"585","Austin Creek","AUS 6",2015-03-19,"SS","SALMONID SP",-9999,1,"2014-2015","RH DD"
"586","Mark West Creek","MAR 14",2015-03-18,"SS","STEELHEAD",2,1,"2014-2015","AB JB"
"587","Mark West Creek","MAR 11",2015-03-18,"SS","STEELHEAD",2,1,"2014-2015","AN SW"
"588","Mill Creek","MIL 2",2015-03-17,"SS","STEELHEAD",2,1,"2014-2015","AN SW"
"589","Mill Creek","MIL 2",2015-03-17,"SS","STEELHEAD",2,1,"2014-2015","AN SW"
"590","Mill Creek","MIL 2",2015-03-17,"SS","SALMONID SP",-9999,1,"2014-2015","AN SW"
"591","Green Valley Creek","GRE 2",2015-03-17,"SS","SALMONID SP",-9999,1,"2014-2015","BB DD"
"592","Green Valley Creek","GRE 2",2015-03-17,"SS","PACIFIC LAMPREY",1,1,"2014-2015","BB DD"
"593","Mill Creek","MIL 1",2015-03-16,"SS","COHO SALMON",2,1,"2014-2015","BB AB"
"594","Mill Creek","MIL 1",2015-03-16,"SS","STEELHEAD",2,1,"2014-2015","BB AB"
"595","Purrington Creek","PUR 1",2015-03-16,"SS","SALMONID SP",-9999,1,"2014-2015","DD SW"
"596","Pena Creek","PEN 1",2015-03-13,"SS","STEELHEAD",2,1,"2014-2015","JB IV"
"597","Pena Creek","PEN 1",2015-03-13,"SS","STEELHEAD",2,1,"2014-2015","JB IV"
"598","Pena Creek","PEN 1",2015-03-13,"SS","STEELHEAD",2,1,"2014-2015","JB IV"
"599","Pena Creek","PEN 1",2015-03-13,"SS","STEELHEAD",2,1,"2014-2015","JB IV"
"600","Pena Creek","PEN 1",2015-03-13,"SS","STEELHEAD",2,1,"2014-2015","JB IV"
"601","Pena Creek","PEN 1",2015-03-13,"SS","STEELHEAD",2,1,"2014-2015","JB IV"
"602","Pena Creek","PEN 1",2015-03-13,"SS","SALMONID SP",-9999,1,"2014-2015","JB IV"
"603","Pena Creek","PEN 1",2015-03-13,"SS","STEELHEAD",2,1,"2014-2015","JB IV"
"604","Pena Creek","PEN 4",2015-03-11,"SS","STEELHEAD",2,1,"2014-2015","WB JB"
"605","Pena Creek","PEN 4",2015-03-11,"SS","STEELHEAD",2,1,"2014-2015","WB JB"
"606","Pena Creek","PEN 4",2015-03-11,"SS","PACIFIC LAMPREY",2,1,"2014-2015","WB JB"
"607","Pena Creek","PEN 4",2015-03-11,"SS","SALMONID SP",-9999,1,"2014-2015","WB JB"
"608","Pena Creek","PEN 4",2015-03-11,"SS","STEELHEAD",2,1,"2014-2015","WB JB"
"609","Pena Creek","PEN 4",2015-03-11,"SS","STEELHEAD",2,1,"2014-2015","WB JB"
"610","Pena Creek","PEN 4",2015-03-11,"SS","SALMONID SP",-9999,1,"2014-2015","WB JB"
"611","Pena Creek","PEN 4",2015-03-11,"SS","SALMONID SP",-9999,1,"2014-2015","WB JB"
"612","Pena Creek","PEN 4",2015-03-11,"SS","SALMONID SP",-9999,1,"2014-2015","WB JB"
"613","Pena Creek","PEN 4",2015-03-11,"SS","STEELHEAD",2,1,"2014-2015","WB JB"
"614","Pena Creek","PEN 4",2015-03-11,"SS","STEELHEAD",2,1,"2014-2015","WB JB"
"615","Pena Creek","PEN 4",2015-03-11,"SS","STEELHEAD",2,1,"2014-2015","WB JB"
"616","Pena Creek","PEN 4",2015-03-11,"SS","STEELHEAD",2,1,"2014-2015","WB JB"
"617","Pena Creek","PEN 5",2015-03-11,"SS","STEELHEAD",2,1,"2014-2015","SW DD"
"618","Woods Creek","WOO 1",2015-03-11,"SS","STEELHEAD",2,1,"2014-2015","SW DD"
"619","Woods Creek","WOO 1",2015-03-11,"SS","SALMONID SP",-9999,1,"2014-2015","SW DD"
"620","Woods Creek","WOO 1",2015-03-11,"SS","STEELHEAD",2,1,"2014-2015","SW DD"
"621","Woods Creek","WOO 1",2015-03-11,"SS","SALMONID SP",-9999,1,"2014-2015","SW DD"
"622","Sheephouse Creek","SHE 1",2015-03-10,"SS","PACIFIC LAMPREY",2,1,"2014-2015","WB JB"
"623","Sheephouse Creek","SHE 1",2015-03-10,"SS","PACIFIC LAMPREY",2,1,"2014-2015","WB JB"
"624","Pena Creek","PEN 3",2015-03-10,"SS","STEELHEAD",2,1,"2014-2015","AN SW"
"625","Pena Creek","PEN 3",2015-03-10,"SS","STEELHEAD",2,1,"2014-2015","AN SW"
"626","Pena Creek","PEN 3",2015-03-10,"SS","STEELHEAD",2,1,"2014-2015","AN SW"
"627","Pena Creek","PEN 3",2015-03-10,"SS","STEELHEAD",2,1,"2014-2015","AN SW"
"628","Wine Creek","WIN 1",2015-03-10,"SS","SALMONID SP",-9999,1,"2014-2015","MW DD"
"629","Wine Creek","WIN 1",2015-03-10,"SS","SALMONID SP",-9999,1,"2014-2015","MW DD"
"630","Porter Creek","POR 1",2015-03-09,"SS","SALMONID SP",-9999,1,"2014-2015","JB DD"
"631","East Austin Creek","EAU 1",2015-03-05,"SS","STEELHEAD",2,1,"2014-2015","BB DD TB"
"632","East Austin Creek","EAU 1",2015-03-05,"SS","STEELHEAD",2,1,"2014-2015","BB DD TB"
"633","Austin Creek","AUS 6",2015-03-05,"SS","SALMONID SP",-9999,1,"2014-2015","JB EM ZS"
"634","Austin Creek","AUS 6",2015-03-05,"SS","SALMONID SP",-9999,1,"2014-2015","JB EM ZS"
"635","Austin Creek","AUS 6",2015-03-05,"SS","SALMONID SP",-9999,1,"2014-2015","JB EM ZS"
"636","Austin Creek","AUS 6",2015-03-05,"SS","SALMONID SP",-9999,1,"2014-2015","JB EM ZS"
"637","Austin Creek","AUS 6",2015-03-05,"SS","SALMONID SP",-9999,1,"2014-2015","JB EM ZS"
"638","Austin Creek","AUS 6",2015-03-05,"SS","SALMONID SP",-9999,1,"2014-2015","JB EM ZS"
"639","Austin Creek","AUS 6",2015-03-05,"SS","SALMONID SP",-9999,1,"2014-2015","JB EM ZS"
"640","Kidd Creek","KID 1",2015-03-05,"SS","STEELHEAD",2,1,"2014-2015","BB DD TB"
"641","Austin Creek","AUS 7",2015-03-05,"SS","SALMONID SP",-9999,1,"2014-2015","EM JB ZS"
"642","Mark West Creek","MAR 10",2015-03-04,"SS","SALMONID SP",-9999,1,"2014-2015","MW DD ZS"
"643","Mark West Creek","MAR 10",2015-03-04,"SS","SALMONID SP",-9999,1,"2014-2015","MW DD ZS"
"644","Mark West Creek","MAR 14",2015-03-04,"SS","STEELHEAD",2,1,"2014-2015","AN SW"
"645","Mark West Creek","MAR 11",2015-03-04,"SS","SALMONID SP",-9999,1,"2014-2015","MW DD ZS"
"646","Felta Creek","FEL 1",2015-03-03,"SS","SALMONID SP",-9999,1,"2014-2015","BB DD"
"647","Mill Creek","MIL 4",2015-03-03,"SS","STEELHEAD",2,1,"2014-2015","AN JB"
"648","Mill Creek","MIL 4",2015-03-03,"SS","STEELHEAD",2,1,"2014-2015","AN JB"
"649","Mill Creek","MIL 4",2015-03-03,"SS","SALMONID SP",-9999,1,"2014-2015","AN JB"
"650","Mill Creek","MIL 4",2015-03-03,"SS","SALMONID SP",-9999,1,"2014-2015","AN JB"
"651","Mill Creek","MIL 4",2015-03-03,"SS","SALMONID SP",-9999,1,"2014-2015","AN JB"
"652","Green Valley Creek","GRE 1",2015-03-02,"SS","STEELHEAD",2,1,"2014-2015","MW DD"
"653","Green Valley Creek","GRE 1",2015-03-02,"SS","SALMONID SP",-9999,1,"2014-2015","MW DD"
"654","Green Valley Creek","GRE 1",2015-03-02,"SS","SALMONID SP",-9999,1,"2014-2015","MW DD"
"655","Green Valley Creek","GRE 1",2015-03-02,"SS","SALMONID SP",-9999,1,"2014-2015","MW DD"
"656","Green Valley Creek","GRE 1",2015-03-02,"SS","SALMONID SP",-9999,1,"2014-2015","MW DD"
"657","Pena Creek","PEN 1",2015-02-26,"SS","SALMONID SP",-9999,1,"2014-2015","AN MW"
"658","Pena Creek","PEN 1",2015-02-26,"SS","STEELHEAD",1,1,"2014-2015","AN MW"
"659","Pena Creek","PEN 1",2015-02-26,"SS","STEELHEAD",1,1,"2014-2015","AN MW"
"660","Mill Creek","MIL 2",2015-02-26,"SS","STEELHEAD",2,1,"2014-2015","EM DD"
"661","Mill Creek","MIL 2",2015-02-26,"SS","SALMONID SP",-9999,1,"2014-2015","EM DD"
"662","Purrington Creek","PUR 1",2015-02-26,"SS","SALMONID SP",-9999,1,"2014-2015","JB BW"
"663","Mill Creek","MIL 3",2015-02-26,"SS","COHO SALMON",2,1,"2014-2015","HF SW"
"664","Mill Creek","MIL 3",2015-02-26,"SS","COHO SALMON",2,1,"2014-2015","HF SW"
"665","Green Valley Creek","GRE 2",2015-02-25,"SS","STEELHEAD",2,1,"2014-2015","EM ZR"
"666","Green Valley Creek","GRE 2",2015-02-25,"SS","STEELHEAD",2,1,"2014-2015","EM ZR"
"667","Green Valley Creek","GRE 2",2015-02-25,"SS","STEELHEAD",2,1,"2014-2015","EM ZR"
"668","Green Valley Creek","GRE 2",2015-02-25,"SS","STEELHEAD",2,1,"2014-2015","EM ZR"
"669","Pena Creek","PEN 4",2015-02-25,"SS","SALMONID SP",-9999,1,"2014-2015","HF MW"
"670","Pena Creek","PEN 4",2015-02-25,"SS","SALMONID SP",-9999,1,"2014-2015","HF MW"
"671","Pena Creek","PEN 4",2015-02-25,"SS","STEELHEAD",2,1,"2014-2015","HF MW"
"672","Pena Creek","PEN 4",2015-02-25,"SS","STEELHEAD",2,1,"2014-2015","HF MW"
"673","Pena Creek","PEN 4",2015-02-25,"SS","SALMONID SP",-9999,1,"2014-2015","HF MW"
"674","Woods Creek","WOO 1",2015-02-25,"SS","STEELHEAD",2,1,"2014-2015","SW BW"
"675","Woods Creek","WOO 1",2015-02-25,"SS","STEELHEAD",2,1,"2014-2015","SW BW"
"676","Woods Creek","WOO 1",2015-02-25,"SS","STEELHEAD",2,1,"2014-2015","SW BW"
"677","Pena Creek","PEN 3",2015-02-25,"SS","STEELHEAD",2,1,"2014-2015","JB DD"
"678","Pena Creek","PEN 3",2015-02-25,"SS","SALMONID SP",-9999,1,"2014-2015","JB DD"
"679","Pena Creek","PEN 3",2015-02-25,"SS","SALMONID SP",-9999,1,"2014-2015","JB DD"
"680","Mark West Creek","MAR 10",2015-02-24,"SS","SALMONID SP",-9999,1,"2014-2015","EM DD"
"681","Wine Creek","WIN 1",2015-02-24,"SS","STEELHEAD",2,1,"2014-2015","AN SW"
"682","Wine Creek","WIN 1",2015-02-24,"SS","STEELHEAD",2,1,"2014-2015","AN SW"
"683","Mark West Creek","MAR 12",2015-02-24,"SS","SALMONID SP",-9999,1,"2014-2015","LC AB JB"
"684","Mark West Creek","MAR 12",2015-02-24,"SS","SALMONID SP",-9999,1,"2014-2015","LC AB JB"
"685","Mark West Creek","MAR 12",2015-02-24,"SS","STEELHEAD",2,1,"2014-2015","LC AB JB"
"686","Mark West Creek","MAR 12",2015-02-24,"SS","STEELHEAD",2,1,"2014-2015","LC AB JB"
"687","Willow Creek","WIL 4",2015-02-23,"SS","SALMONID SP",-9999,1,"2014-2015","JB AN"
"688","Willow Creek","WIL 4",2015-02-23,"SS","STEELHEAD",2,1,"2014-2015","JB AN"
"689","Willow Creek","WIL 4",2015-02-23,"SS","STEELHEAD",2,1,"2014-2015","JB AN"
"690","Mill Creek","MIL 1",2015-02-19,"SS","STEELHEAD",2,1,"2014-2015","AB ZR LC"
"691","Mill Creek","MIL 1",2015-02-19,"SS","STEELHEAD",2,1,"2014-2015","AB ZR LC"
"692","Mill Creek","MIL 1",2015-02-19,"SS","COHO SALMON",2,1,"2014-2015","AB ZR LC"
"693","Mill Creek","MIL 1",2015-02-19,"SS","STEELHEAD",2,1,"2014-2015","AB ZR LC"
"694","Mill Creek","MIL 1",2015-02-19,"SS","SALMONID SP",-9999,1,"2014-2015","AB ZR LC"
"695","Mill Creek","MIL 1",2015-02-19,"SS","COHO SALMON",2,1,"2014-2015","AB ZR LC"
"696","Mill Creek","MIL 1",2015-02-19,"SS","STEELHEAD",2,1,"2014-2015","AB ZR LC"
"697","Mill Creek","MIL 1",2015-02-19,"SS","STEELHEAD",2,1,"2014-2015","AB ZR LC"
"698","Mill Creek","MIL 2",2015-02-19,"SS","STEELHEAD",2,1,"2014-2015","AN WB"
"699","Mill Creek","MIL 2",2015-02-19,"SS","STEELHEAD",2,1,"2014-2015","AN WB"
"700","Mill Creek","MIL 2",2015-02-19,"SS","SALMONID SP",-9999,1,"2014-2015","AN WB"
"701","Mill Creek","MIL 2",2015-02-19,"SS","STEELHEAD",2,1,"2014-2015","AN WB"
"702","Mill Creek","MIL 5",2015-02-19,"SS","STEELHEAD",2,1,"2014-2015","AJ DD"
"703","Felta Creek","FEL 1",2015-02-19,"SS","COHO SALMON",2,1,"2014-2015","LC AB ZR"
"704","Pena Creek","PEN 1",2015-02-18,"SS","STEELHEAD",1,1,"2014-2015","JB BW ZS"
"705","Pena Creek","PEN 1",2015-02-18,"SS","STEELHEAD",1,1,"2014-2015","JB BW ZS"
"706","Pena Creek","PEN 1",2015-02-18,"SS","STEELHEAD",2,1,"2014-2015","JB BW ZS"
"707","Mill Creek","MIL 3",2015-02-18,"SS","STEELHEAD",2,1,"2014-2015","AN BB TB"
"708","Mill Creek","MIL 3",2015-02-18,"SS","STEELHEAD",2,1,"2014-2015","AN BB TB"
"709","Mill Creek","MIL 3",2015-02-18,"SS","STEELHEAD",2,1,"2014-2015","AN BB TB"
"710","Maacama Creek","MAA 4",2015-02-18,"SS","SALMONID SP",-9999,1,"2014-2015","HF SW"
"711","Maacama Creek","MAA 4",2015-02-18,"SS","STEELHEAD",2,1,"2014-2015","HF SW"
"712","Maacama Creek","MAA 4",2015-02-18,"SS","STEELHEAD",2,1,"2014-2015","HF SW"
"713","Maacama Creek","MAA 4",2015-02-18,"SS","STEELHEAD",2,1,"2014-2015","HF SW"
"714","Maacama Creek","MAA 4",2015-02-18,"SS","STEELHEAD",1,1,"2014-2015","HF SW"
"715","Green Valley Creek","GRE 1",2015-02-17,"SS","STEELHEAD",2,1,"2014-2015","DD AN"
"716","Green Valley Creek","GRE 1",2015-02-17,"SS","STEELHEAD",2,1,"2014-2015","DD AN"
"717","Austin Creek","AUS 6",2015-02-17,"SS","STEELHEAD",2,1,"2014-2015","LC HF AJ"
"718","Austin Creek","AUS 6",2015-02-17,"SS","STEELHEAD",2,1,"2014-2015","LC HF AJ"
"719","Austin Creek","AUS 7",2015-02-17,"SS","STEELHEAD",1,1,"2014-2015","LC AJ HF"
"720","Woods Creek","WOO 1",2015-02-13,"SS","STEELHEAD",2,1,"2014-2015","NB SW"
"721","Woods Creek","WOO 1",2015-02-13,"SS","STEELHEAD",2,1,"2014-2015","NB SW"
"722","Woods Creek","WOO 1",2015-02-13,"SS","STEELHEAD",1,1,"2014-2015","NB SW"
"723","Pena Creek","PEN 3",2015-02-13,"SS","SALMONID SP",-9999,1,"2014-2015","HF WB IV"
"724","Green Valley Creek","GRE 2",2015-02-11,"SS","STEELHEAD",2,1,"2014-2015","WB BW"
"725","Green Valley Creek","GRE 2",2015-02-11,"SS","STEELHEAD",1,1,"2014-2015","WB BW"
"726","Green Valley Creek","GRE 2",2015-02-11,"SS","STEELHEAD",2,1,"2014-2015","WB BW"
"727","Willow Creek","WIL 4",2015-02-04,"SS","COHO SALMON",2,1,"2014-2015","SW,DD?"
"728","Willow Creek","WIL 4",2015-02-04,"SS","STEELHEAD",2,1,"2014-2015","SW,DD?"
"729","Willow Creek","WIL 4",2015-02-04,"SS","COHO SALMON",2,1,"2014-2015","SW,DD?"
"730","Willow Creek","WIL 4",2015-02-04,"SS","COHO SALMON",2,1,"2014-2015","SW,DD?"
"731","Willow Creek","WIL 4",2015-02-04,"SS","COHO SALMON",2,1,"2014-2015","SW,DD?"
"732","Mill Creek","MIL 1",2015-02-03,"SS","STEELHEAD",2,1,"2014-2015","BCB HF"
"733","Pena Creek","PEN 1",2015-02-02,"SS","SALMONID SP",-9999,1,"2014-2015","EM ZR"
"734","Pena Creek","PEN 1",2015-02-02,"SS","STEELHEAD",2,1,"2014-2015","EM ZR"
"735","Pena Creek","PEN 1",2015-02-02,"SS","STEELHEAD",2,1,"2014-2015","EM ZR"
"736","Pena Creek","PEN 1",2015-02-02,"SS","STEELHEAD",2,1,"2014-2015","EM ZR"
"737","Green Valley Creek","GRE 2",2015-01-30,"SS","STEELHEAD",2,1,"2014-2015","AN WB"
"738","Pena Creek","PEN 5",2015-01-29,"SS","STEELHEAD",2,1,"2014-2015","JB HF"
"739","Woods Creek","WOO 1",2015-01-29,"SS","SALMONID SP",-9999,1,"2014-2015","JB HF"
"740","Maacama Creek","MAA 4",2015-01-28,"SS","SALMONID SP",-9999,1,"2014-2015","JB BW"
"741","Redwood Creek","RED 1",2015-01-23,"SS","CHINOOK SALMON",2,1,"2014-2015","HF ZR"
"742","Willow Creek","WIL 3",2015-01-22,"SS","STEELHEAD",2,1,"2014-2015","WB MW"
"743","Willow Creek","WIL 4",2015-01-22,"SS","STEELHEAD",2,1,"2014-2015","EM HF"
"744","Mill Creek","MIL 2",2015-01-21,"SS","COHO SALMON",2,1,"2014-2015","JB ZR"
"745","Mill Creek","MIL 2",2015-01-21,"SS","STEELHEAD",2,1,"2014-2015","JB ZR"
"746","Mill Creek","MIL 2",2015-01-21,"SS","STEELHEAD",2,1,"2014-2015","JB ZR"
"747","Mill Creek","MIL 2",2015-01-21,"SS","STEELHEAD",2,1,"2014-2015","JB ZR"
"748","Pena Creek","PEN 1",2015-01-16,"SS","SALMONID SP",-9999,1,"2014-2015","AJ ZR"
"749","Green Valley Creek","GRE 2",2015-01-15,"SS","STEELHEAD",2,1,"2014-2015","EM ZR"
"750","Pena Creek","PEN 4",2015-01-15,"SS","CHINOOK SALMON",2,1,"2014-2015","JP HF TB"
"751","Pena Creek","PEN 4",2015-01-15,"SS","STEELHEAD",2,1,"2014-2015","JP HF TB"
"752","Pena Creek","PEN 4",2015-01-15,"SS","CHINOOK SALMON",1,1,"2014-2015","JP HF TB"
"753","Pena Creek","PEN 4",2015-01-15,"SS","STEELHEAD",2,1,"2014-2015","JP HF TB"
"754","Pena Creek","PEN 4",2015-01-15,"SS","STEELHEAD",2,1,"2014-2015","JP HF TB"
"755","Pena Creek","PEN 3",2015-01-15,"SS","CHINOOK SALMON",2,1,"2014-2015","AJ BB"
"756","Pena Creek","PEN 3",2015-01-15,"SS","SALMONID SP",-9999,1,"2014-2015","AJ BB"
"757","Porter Creek","POR 3",2015-01-14,"SS","STEELHEAD",2,1,"2014-2015","WB EM ZS"
"758","Porter Creek","POR 3",2015-01-14,"SS","STEELHEAD",2,1,"2014-2015","WB EM ZS"
"759","Mark West Creek","MAR 10",2015-01-12,"SS","COHO SALMON",1,1,"2014-2015","SW DD"
"760","Redwood Creek","RED 1",2015-01-09,"SS","CHINOOK SALMON",2,1,"2014-2015","NB ZR"
"761","Redwood Creek","RED 1",2015-01-09,"SS","CHINOOK SALMON",2,1,"2014-2015","NB ZR"
"762","Maacama Creek","MAA 1",2015-01-09,"SS","CHINOOK SALMON",2,1,"2014-2015","GH MO"
"763","Redwood Creek","RED 2",2015-01-09,"SS","CHINOOK SALMON",2,1,"2014-2015","NB ZR"
"764","Willow Creek","WIL 3",2015-01-08,"SS","COHO SALMON",2,1,"2014-2015","WB ZR"
"765","Willow Creek","WIL 3",2015-01-08,"SS","STEELHEAD",2,1,"2014-2015","WB ZR"
"766","Dutch Bill Creek","DUT 2",2015-01-07,"SS","COHO SALMON",2,1,"2014-2015","HF ZS SW"
"767","Purrington Creek","PUR 1",2015-01-06,"SS","SALMONID SP",-9999,1,"2014-2015","AN SW"
"768","Pena Creek","PEN 1",2015-01-06,"SS","CHINOOK SALMON",2,1,"2014-2015","ADJ WB"
"769","Pena Creek","PEN 1",2015-01-06,"SS","CHINOOK SALMON",2,1,"2014-2015","ADJ WB"
"770","Pena Creek","PEN 1",2015-01-06,"SS","CHINOOK SALMON",2,1,"2014-2015","ADJ WB"
"771","Pena Creek","PEN 1",2015-01-06,"SS","COHO SALMON",1,1,"2014-2015","ADJ WB"
"772","Green Valley Creek","GRE 2",2015-01-05,"SS","COHO SALMON",2,1,"2014-2015","BW JS"
"773","Pena Creek","PEN 4",2015-01-05,"SS","CHINOOK SALMON",2,1,"2014-2015","ADJ AN"
"774","Pena Creek","PEN 4",2015-01-05,"SS","SALMONID SP",-9999,1,"2014-2015","ADJ AN"
"775","Pena Creek","PEN 4",2015-01-05,"SS","CHINOOK SALMON",2,1,"2014-2015","ADJ AN"
"776","Woods Creek","WOO 1",2015-01-05,"SS","CHINOOK SALMON",2,1,"2014-2015","SW ZR"
"777","Pena Creek","PEN 3",2015-01-05,"SS","COHO SALMON",1,1,"2014-2015","DD CM"
"778","Pena Creek","PEN 3",2015-01-05,"SS","SALMONID SP",-9999,1,"2014-2015","DD CM"
"779","Pena Creek","PEN 3",2015-01-05,"SS","CHINOOK SALMON",1,1,"2014-2015","DD CM"
"780","Pena Creek","PEN 3",2015-01-05,"SS","CHINOOK SALMON",2,1,"2014-2015","DD CM"
"781","Pena Creek","PEN 3",2015-01-05,"SS","CHINOOK SALMON",1,1,"2014-2015","DD CM"
"782","Pena Creek","PEN 3",2015-01-05,"SS","SALMONID SP",-9999,1,"2014-2015","DD CM"
"783","Austin Creek","AUS 6",2014-12-31,"SS","SALMONID SP",-9999,1,"2014-2015","DD SW"
"784","Austin Creek","AUS 6",2014-12-31,"SS","SALMONID SP",-9999,1,"2014-2015","DD SW"
"785","Green Valley Creek","GRE 1",2014-12-30,"SS","STEELHEAD",2,1,"2014-2015","AB AN"
"786","Mark West Creek","MAR 11",2014-12-30,"SS","SALMONID SP",-9999,1,"2014-2015","HF BCB"
"787","Willow Creek","WIL 3",2014-12-29,"SS","STEELHEAD",2,1,"2014-2015","BCB BW"
"788","Willow Creek","WIL 4",2014-12-29,"SS","STEELHEAD",2,1,"2014-2015","AN WB"
"789","Mill Creek","MIL 4",2014-12-24,"SS","STEELHEAD",2,1,"2014-2015","BJB DD"
"790","Pena Creek","PEN 1",2014-12-23,"SS","CHINOOK SALMON",2,1,"2014-2015","HF ZR"
"791","Pena Creek","PEN 1",2014-12-23,"SS","CHINOOK SALMON",2,1,"2014-2015","HF ZR"
"792","Pena Creek","PEN 1",2014-12-23,"SS","CHINOOK SALMON",1,1,"2014-2015","HF ZR"
"793","Pena Creek","PEN 1",2014-12-23,"SS","SALMONID SP",-9999,1,"2014-2015","HF ZR"
"794","Mill Creek","MIL 2",2014-12-23,"SS","COHO SALMON",2,1,"2014-2015","DD SW"
"795","Purrington Creek","PUR 1",2014-12-23,"SS","COHO SALMON",1,1,"2014-2015","JB NB TB"
"796","Pena Creek","PEN 3",2014-12-23,"SS","COHO SALMON",2,1,"2014-2015","AN MW ZS"
"797","Felta Creek","FEL 1",2014-12-23,"SS","COHO SALMON",2,1,"2014-2015","HF ZR"
"798","Pena Creek","PEN 4",2014-12-22,"SS","STEELHEAD",2,1,"2014-2015","JB BW"
"799","Pena Creek","PEN 4",2014-12-22,"SS","COHO SALMON",2,1,"2014-2015","JB BW"
"800","Pena Creek","PEN 4",2014-12-22,"SS","SALMONID SP",-9999,1,"2014-2015","JB BW"
"801","Pena Creek","PEN 4",2014-12-22,"SS","STEELHEAD",2,1,"2014-2015","JB BW"
"802","Pena Creek","PEN 5",2014-12-22,"SS","CHINOOK SALMON",1,1,"2014-2015","BR DD"
"803","Pena Creek","PEN 3",2014-12-22,"SS","CHINOOK SALMON",1,1,"2014-2015","AN SW"
"804","Pena Creek","PEN 3",2014-12-22,"SS","STEELHEAD",2,1,"2014-2015","AN SW"
"805","Pena Creek","PEN 3",2014-12-22,"SS","CHINOOK SALMON",2,1,"2014-2015","AN SW"
"806","Pena Creek","PEN 3",2014-12-22,"SS","STEELHEAD",2,1,"2014-2015","AN SW"
"807","Woods Creek","WOO 1",2014-12-22,"SS","CHINOOK SALMON",1,1,"2014-2015","BR DD"
"808","Woods Creek","WOO 1",2014-12-22,"SS","CHINOOK SALMON",1,1,"2014-2015","BR DD"
"809","Woods Creek","WOO 1",2014-12-22,"SS","CHINOOK SALMON",1,1,"2014-2015","BR DD"
"810","Green Valley Creek","GRE 2",2014-12-22,"SS","COHO SALMON",1,1,"2014-2015","AJ ZR"
"811","Green Valley Creek","GRE 2",2014-12-22,"SS","COHO SALMON",1,1,"2014-2015","AJ ZR"
"812","Green Valley Creek","GRE 1",2014-12-09,"SS","COHO SALMON",2,1,"2014-2015","HF SW"
"813","Green Valley Creek","GRE 1",2014-12-09,"SS","STEELHEAD",2,1,"2014-2015","HF SW"
"814","Willow Creek","WIL 3",2014-12-08,"SS","STEELHEAD",1,1,"2014-2015","HF BW"
"815","Willow Creek","WIL 3",2014-12-08,"SS","SALMONID SP",-9999,1,"2014-2015","HF BW"
"816","Pena Creek","PEN 4",2014-12-08,"SS","COHO SALMON",2,1,"2014-2015","AN LP"
"817","Willow Creek","WIL 4",2014-04-23,"SS","STEELHEAD",2,1,"2013-2014","NB, DD, AP"
"818","Pena Creek","PEN 1",2014-04-17,"SS","STEELHEAD",2,1,"2013-2014","JB AB"
"819","Pena Creek","PEN 1",2014-04-17,"SS","STEELHEAD",2,1,"2013-2014","JB AB"
"820","Pena Creek","PEN 1",2014-04-17,"SS","STEELHEAD",2,1,"2013-2014","JB AB"
"821","Pena Creek","PEN 1",2014-04-17,"SS","STEELHEAD",2,1,"2013-2014","JB AB"
"822","Pena Creek","PEN 1",2014-04-17,"SS","STEELHEAD",2,1,"2013-2014","JB AB"
"823","Pena Creek","PEN 1",2014-04-17,"SS","STEELHEAD",2,1,"2013-2014","JB AB"
"824","Pena Creek","PEN 1",2014-04-17,"SS","STEELHEAD",2,1,"2013-2014","JB AB"
"825","Pena Creek","PEN 1",2014-04-17,"SS","STEELHEAD",3,1,"2013-2014","JB AB"
"826","Pena Creek","PEN 4",2014-04-16,"SS","STEELHEAD",2,1,"2013-2014","DD, AP"
"827","Pena Creek","PEN 4",2014-04-16,"SS","STEELHEAD",2,1,"2013-2014","DD, AP"
"828","Pena Creek","PEN 4",2014-04-16,"SS","STEELHEAD",2,1,"2013-2014","DD, AP"
"829","Woods Creek","WOO 1",2014-04-14,"SS","STEELHEAD",2,1,"2013-2014","DD,SW"
"830","Woods Creek","WOO 1",2014-04-14,"SS","STEELHEAD",2,1,"2013-2014","DD,SW"
"831","Woods Creek","WOO 1",2014-04-14,"SS","STEELHEAD",2,1,"2013-2014","DD,SW"
"832","Woods Creek","WOO 1",2014-04-09,"SS","STEELHEAD",2,1,"2013-2014","DD, JB"
"833","Woods Creek","WOO 1",2014-04-09,"SS","STEELHEAD",2,1,"2013-2014","DD, JB"
"834","Pena Creek","PEN 3",2014-04-07,"SS","STEELHEAD",2,1,"2013-2014","FH,JB"
"835","Pena Creek","PEN 3",2014-04-07,"SS","STEELHEAD",2,1,"2013-2014","FH,JB"
"836","Pena Creek","PEN 3",2014-04-07,"SS","STEELHEAD",2,1,"2013-2014","FH,JB"
"837","Pena Creek","PEN 3",2014-04-07,"SS","STEELHEAD",2,1,"2013-2014","FH,JB"
"838","Pena Creek","PEN 3",2014-04-07,"SS","STEELHEAD",2,1,"2013-2014","FH,JB"
"839","Pena Creek","PEN 4",2014-04-07,"SS","STEELHEAD",2,1,"2013-2014","DD,EW"
"840","Pena Creek","PEN 4",2014-04-07,"SS","STEELHEAD",2,1,"2013-2014","DD,EW"
"841","Pena Creek","PEN 4",2014-04-07,"SS","STEELHEAD",2,1,"2013-2014","DD,EW"
"842","Pena Creek","PEN 4",2014-04-07,"SS","STEELHEAD",2,1,"2013-2014","DD,EW"
"843","Pena Creek","PEN 4",2014-04-07,"SS","STEELHEAD",3,1,"2013-2014","DD,EW"
"844","Pena Creek","PEN 4",2014-04-07,"SS","STEELHEAD",3,1,"2013-2014","DD,EW"
"845","Pena Creek","PEN 4",2014-04-07,"SS","STEELHEAD",3,1,"2013-2014","DD,EW"
"846","Pena Creek","PEN 4",2014-04-07,"SS","STEELHEAD",3,1,"2013-2014","DD,EW"
"847","Grape Creek","GRP 1",2014-04-03,"SS","STEELHEAD",2,1,"2013-2014","DD,jb"
"848","Felta Creek","FEL 1",2014-04-03,"SS","STEELHEAD",2,1,"2013-2014","HF,BB"
"849","Felta Creek","FEL 1",2014-04-03,"SS","STEELHEAD",2,1,"2013-2014","HF,BB"
"850","Felta Creek","FEL 1",2014-04-03,"SS","STEELHEAD",2,1,"2013-2014","HF,BB"
"851","Felta Creek","FEL 1",2014-04-03,"SS","STEELHEAD",2,1,"2013-2014","HF,BB"
"852","Grape Creek","GRP 2",2014-04-03,"SS","STEELHEAD",3,1,"2013-2014","DD,JB"
"853","Grape Creek","GRP 2",2014-04-03,"SS","STEELHEAD",2,1,"2013-2014","DD,JB"
"854","Pena Creek","PEN 1",2014-04-02,"SS","STEELHEAD",2,1,"2013-2014","HF SW"
"855","Pena Creek","PEN 4",2014-03-25,"SS","COHO SALMON",3,1,"2013-2014","FH AP"
"856","Pena Creek","PEN 3",2014-03-25,"SS","STEELHEAD",3,1,"2013-2014","DD,BB"
"857","Pena Creek","PEN 3",2014-03-25,"SS","STEELHEAD",2,1,"2013-2014","DD,BB"
"858","Pena Creek","PEN 3",2014-03-25,"SS","STEELHEAD",3,1,"2013-2014","DD,BB"
"859","Pena Creek","PEN 3",2014-03-25,"SS","STEELHEAD",2,1,"2013-2014","DD,BB"
"860","Pena Creek","PEN 5",2014-03-24,"SS","STEELHEAD",3,1,"2013-2014","FH DD"
"861","Pechaco Creek","PEC 1",2014-03-24,"SS","COHO SALMON",3,1,"2013-2014","AB,ADJ,"
"862","Pechaco Creek","PEC 1",2014-03-24,"SS","STEELHEAD",2,1,"2013-2014","AB,ADJ,"
"863","Woods Creek","WOO 1",2014-03-24,"SS","STEELHEAD",3,1,"2013-2014","FH DD "
"864","Woods Creek","WOO 1",2014-03-24,"SS","STEELHEAD",3,1,"2013-2014","FH DD "
"865","Woods Creek","WOO 1",2014-03-24,"SS","COHO SALMON",3,1,"2013-2014","FH DD "
"866","Mill Creek","MIL 1",2014-03-20,"SS","STEELHEAD",2,1,"2013-2014","FH DD"
"867","Pena Creek","PEN 1",2014-03-19,"SS","STEELHEAD",2,1,"2013-2014","FH HF "
"868","Pena Creek","PEN 1",2014-03-19,"SS","COHO SALMON",2,1,"2013-2014","FH HF "
"869","Purrington Creek","PUR 1",2014-03-19,"SS","COHO SALMON",3,1,"2013-2014","NB, AP,"
"870","Purrington Creek","PUR 1",2014-03-19,"SS","STEELHEAD",2,1,"2013-2014","NB, AP,"
"871","Green Valley Creek","GRE 1",2014-03-18,"SS","COHO SALMON",2,1,"2013-2014","AP,NB,"
"872","Green Valley Creek","GRE 1",2014-03-18,"SS","COHO SALMON",2,1,"2013-2014","AP,NB,"
"873","Green Valley Creek","GRE 1",2014-03-18,"SS","STEELHEAD",2,1,"2013-2014","AP,NB,"
"874","Felta Creek","FEL 3",2014-03-18,"SS","COHO SALMON",2,1,"2013-2014","DD, BB"
"875","Felta Creek","FEL 3",2014-03-18,"SS","STEELHEAD",2,1,"2013-2014","DD, BB"
"876","Felta Creek","FEL 3",2014-03-18,"SS","COHO SALMON",2,1,"2013-2014","DD, BB"
"877","Mill Creek","MIL 3",2014-03-17,"SS","COHO SALMON",2,1,"2013-2014","DD, SC"
"878","Mill Creek","MIL 3",2014-03-17,"SS","PACIFIC LAMPREY",2,1,"2013-2014","DD, SC"
"879","Mill Creek","MIL 3",2014-03-17,"SS","COHO SALMON",2,1,"2013-2014","DD, SC"
"880","Mill Creek","MIL 3",2014-03-17,"SS","COHO SALMON",2,1,"2013-2014","DD, SC"
"881","Mill Creek","MIL 3",2014-03-17,"SS","COHO SALMON",2,1,"2013-2014","DD, SC"
"882","Mill Creek","MIL 3",2014-03-17,"SS","PACIFIC LAMPREY",2,1,"2013-2014","DD, SC"
"883","Mill Creek","MIL 4",2014-03-17,"SS","COHO SALMON",2,1,"2013-2014","ADJ,AB,"
"884","Wine Creek","WIN 1",2014-03-14,"SS","COHO SALMON",3,1,"2013-2014","FH AW"
"885","Mill Creek","MIL 2",2014-03-13,"SS","COHO SALMON",2,1,"2013-2014","FH,HF,"
"886","Mill Creek","MIL 2",2014-03-13,"SS","COHO SALMON",2,1,"2013-2014","FH,HF,"
"887","Mill Creek","MIL 1",2014-03-12,"SS","COHO SALMON",2,1,"2013-2014","ADJ,DD,AP,"
"888","Mill Creek","MIL 1",2014-03-12,"SS","COHO SALMON",3,1,"2013-2014","ADJ,DD,AP,"
"889","Felta Creek","FEL 1",2014-03-12,"SS","COHO SALMON",3,1,"2013-2014","ADJ,DD,AP,"
"890","Felta Creek","FEL 1",2014-03-12,"SS","COHO SALMON",2,1,"2013-2014","ADJ,DD,AP,"
"891","Felta Creek","FEL 1",2014-03-12,"SS","STEELHEAD",1,1,"2013-2014","ADJ,DD,AP,"
"892","Pena Creek","PEN 4",2014-03-11,"SS","COHO SALMON",2,1,"2013-2014","DD,BB"
"893","Pena Creek","PEN 4",2014-03-11,"SS","COHO SALMON",2,1,"2013-2014","DD,BB"
"894","Pena Creek","PEN 4",2014-03-11,"SS","COHO SALMON",2,1,"2013-2014","DD,BB"
"895","Pena Creek","PEN 4",2014-03-11,"SS","COHO SALMON",2,1,"2013-2014","DD,BB"
"896","Pena Creek","PEN 4",2014-03-11,"SS","COHO SALMON",3,1,"2013-2014","DD,BB"
"897","Pena Creek","PEN 4",2014-03-11,"SS","COHO SALMON",2,1,"2013-2014","DD,BB"
"898","Pena Creek","PEN 4",2014-03-11,"SS","COHO SALMON",3,1,"2013-2014","DD,BB"
"899","Pena Creek","PEN 4",2014-03-11,"SS","COHO SALMON",2,1,"2013-2014","DD,BB"
"900","Pena Creek","PEN 4",2014-03-11,"SS","CHINOOK SALMON",2,1,"2013-2014","DD,BB"
"901","Pena Creek","PEN 3",2014-03-11,"SS","COHO SALMON",2,1,"2013-2014","FH WB "
"902","Woods Creek","WOO 1",2014-03-10,"SS","COHO SALMON",2,1,"2013-2014","DD, JS"
"903","Woods Creek","WOO 1",2014-03-10,"SS","COHO SALMON",2,1,"2013-2014","DD, JS"
"904","Woods Creek","WOO 1",2014-03-10,"SS","COHO SALMON",3,1,"2013-2014","DD, JS"
"905","Woods Creek","WOO 1",2014-03-10,"SS","COHO SALMON",3,1,"2013-2014","DD, JS"
"906","Woods Creek","WOO 1",2014-03-10,"SS","COHO SALMON",3,1,"2013-2014","DD, JS"
"907","Woods Creek","WOO 1",2014-03-10,"SS","COHO SALMON",2,1,"2013-2014","DD, JS"
"908","Green Valley Creek","GRE 2",2014-03-05,"SS","COHO SALMON",2,1,"2013-2014","TR,WB,"
"909","Pena Creek","PEN 1",2014-03-05,"SS","COHO SALMON",3,1,"2013-2014","DD, FH"
"910","Grape Creek","GRP 1",2014-03-05,"SS","COHO SALMON",2,1,"2013-2014","Bb ap"
"911","Willow Creek","WIL 4",2014-03-03,"SS","COHO SALMON",2,1,"2013-2014","JP,WB,"
"912","Willow Creek","WIL 4",2014-03-03,"SS","STEELHEAD",1,1,"2013-2014","JP,WB,"
"913","Pechaco Creek","PEC 1",2014-03-03,"SS","STEELHEAD",1,1,"2013-2014","FH, HF"
"914","Woods Creek","WOO 1",2014-03-03,"SS","COHO SALMON",2,1,"2013-2014","DD,NG,"
"915","Woods Creek","WOO 1",2014-03-03,"SS","COHO SALMON",2,1,"2013-2014","DD,NG,"
"916","Willow Creek","WIL 3",2014-03-03,"SS","COHO SALMON",2,1,"2013-2014","EW,NB,"
"917","Pena Creek","PEN 4",2014-02-26,"SS","COHO SALMON",2,1,"2013-2014","FH,NB,"
"918","Green Valley Creek","GRE 2",2014-02-26,"SS","COHO SALMON",2,1,"2013-2014","HF,AP"
"919","Pena Creek","PEN 3",2014-02-26,"SS","COHO SALMON",3,1,"2013-2014","DD,NG,"
"920","Mill Creek","MIL 1",2014-02-25,"SS","COHO SALMON",2,1,"2013-2014","NB,WB,"
"921","Willow Creek","WIL 3",2014-02-24,"SS","COHO SALMON",2,1,"2013-2014","HF,WB"
"922","Willow Creek","WIL 3",2014-02-24,"SS","COHO SALMON",2,1,"2013-2014","HF,WB"
"923","Willow Creek","WIL 3",2014-02-24,"SS","COHO SALMON",2,1,"2013-2014","HF,WB"
"924","Willow Creek","WIL 3",2014-02-24,"SS","COHO SALMON",2,1,"2013-2014","HF,WB"
"925","Willow Creek","WIL 3",2014-02-24,"SS","COHO SALMON",2,1,"2013-2014","HF,WB"
"926","Willow Creek","WIL 3",2014-02-24,"SS","COHO SALMON",2,1,"2013-2014","HF,WB"
"927","Willow Creek","WIL 3",2014-02-24,"SS","COHO SALMON",2,1,"2013-2014","HF,WB"
"928","Pena Creek","PEN 1",2014-02-24,"SS","COHO SALMON",3,1,"2013-2014","EW,NG"
"929","Pena Creek","PEN 1",2014-02-24,"SS","COHO SALMON",2,1,"2013-2014","EW,NG"
"930","Pena Creek","PEN 1",2014-02-24,"SS","COHO SALMON",2,1,"2013-2014","EW,NG"
"931","Pena Creek","PEN 1",2014-02-24,"SS","COHO SALMON",2,1,"2013-2014","EW,NG"
"932","Pena Creek","PEN 1",2014-02-24,"SS","COHO SALMON",2,1,"2013-2014","EW,NG"
"933","Pena Creek","PEN 1",2014-02-24,"SS","COHO SALMON",2,1,"2013-2014","EW,NG"
"934","Grape Creek","GRP 2",2014-02-24,"SS","COHO SALMON",2,1,"2013-2014","Dd bb"
"935","Grape Creek","GRP 2",2014-02-24,"SS","COHO SALMON",2,1,"2013-2014","Dd bb"
"936","Willow Creek","WIL 4",2014-02-24,"SS","COHO SALMON",2,1,"2013-2014","NB,TR,"
"937","Willow Creek","WIL 4",2014-02-24,"SS","COHO SALMON",2,1,"2013-2014","NB,TR,"
"938","Willow Creek","WIL 4",2014-02-24,"SS","COHO SALMON",2,1,"2013-2014","NB,TR,"
"939","Willow Creek","WIL 4",2014-02-24,"SS","COHO SALMON",2,1,"2013-2014","NB,TR,"
"940","Willow Creek","WIL 4",2014-02-24,"SS","COHO SALMON",2,1,"2013-2014","NB,TR,"
"941","Willow Creek","WIL 4",2014-02-24,"SS","PACIFIC LAMPREY",2,1,"2013-2014","NB,TR,"
"942","Willow Creek","WIL 4",2014-02-24,"SS","COHO SALMON",2,1,"2013-2014","NB,TR,"
"943","Green Valley Creek","GRE 1",2014-02-21,"SS","COHO SALMON",2,1,"2013-2014","AW,NB,"
"944","Green Valley Creek","GRE 1",2014-02-21,"SS","COHO SALMON",2,1,"2013-2014","AW,NB,"
"945","Green Valley Creek","GRE 1",2014-02-21,"SS","COHO SALMON",2,1,"2013-2014","AW,NB,"
"946","Green Valley Creek","GRE 1",2014-02-21,"SS","COHO SALMON",2,1,"2013-2014","AW,NB,"
"947","Green Valley Creek","GRE 1",2014-02-21,"SS","COHO SALMON",2,1,"2013-2014","AW,NB,"
"948","Green Valley Creek","GRE 1",2014-02-21,"SS","COHO SALMON",2,1,"2013-2014","AW,NB,"
"949","Green Valley Creek","GRE 1",2014-02-21,"SS","COHO SALMON",2,1,"2013-2014","AW,NB,"
"950","Woods Creek","WOO 1",2014-02-21,"SS","COHO SALMON",3,1,"2013-2014","DD,MW"
"951","Dutch Bill Creek","DUT 1",2014-02-20,"SS","COHO SALMON",2,1,"2013-2014","Sn DD"
"952","Dutch Bill Creek","DUT 1",2014-02-20,"SS","COHO SALMON",2,1,"2013-2014","Sn DD"
"953","Dutch Bill Creek","DUT 1",2014-02-20,"SS","COHO SALMON",3,1,"2013-2014","Sn DD"
"954","Dutch Bill Creek","DUT 1",2014-02-20,"SS","COHO SALMON",2,1,"2013-2014","Sn DD"
"955","Dutch Bill Creek","DUT 1",2014-02-20,"SS","COHO SALMON",2,1,"2013-2014","Sn DD"
"956","Dutch Bill Creek","DUT 1",2014-02-20,"SS","COHO SALMON",2,1,"2013-2014","Sn DD"
"957","Dutch Bill Creek","DUT 1",2014-02-20,"SS","COHO SALMON",1,1,"2013-2014","Sn DD"
"958","Purrington Creek","PUR 1",2014-02-19,"SS","COHO SALMON",2,1,"2013-2014","NB,WB"
"959","Purrington Creek","PUR 1",2014-02-19,"SS","COHO SALMON",2,1,"2013-2014","NB,WB"
"960","Purrington Creek","PUR 1",2014-02-19,"SS","COHO SALMON",2,1,"2013-2014","NB,WB"
"961","Mill Creek","MIL 1",2014-02-19,"SS","COHO SALMON",2,1,"2013-2014","AP,TR,"
"962","Felta Creek","FEL 3",2014-02-19,"SS","COHO SALMON",2,1,"2013-2014","NG,DD"
"963","Felta Creek","FEL 3",2014-02-19,"SS","COHO SALMON",2,1,"2013-2014","NG,DD"
"964","Pena Creek","PEN 4",2014-02-18,"SS","COHO SALMON",2,1,"2013-2014","DD, NG,"
"965","Pena Creek","PEN 4",2014-02-18,"SS","COHO SALMON",2,1,"2013-2014","DD, NG,"
"966","Pena Creek","PEN 4",2014-02-18,"SS","COHO SALMON",2,1,"2013-2014","DD, NG,"
"967","Pena Creek","PEN 3",2014-02-18,"SS","COHO SALMON",2,1,"2013-2014","Mw nb"
"968","Pena Creek","PEN 3",2014-02-18,"SS","COHO SALMON",2,1,"2013-2014","Mw nb"
"969","Green Valley Creek","GRE 2",2014-02-14,"SS","COHO SALMON",2,1,"2013-2014","AW,NB,TR,"
"970","Green Valley Creek","GRE 2",2014-02-14,"SS","COHO SALMON",1,1,"2013-2014","AW,NB,TR,"
"971","Green Valley Creek","GRE 2",2014-02-14,"SS","COHO SALMON",1,1,"2013-2014","AW,NB,TR,"
"972","Green Valley Creek","GRE 2",2014-02-14,"SS","COHO SALMON",2,1,"2013-2014","AW,NB,TR,"
"973","Green Valley Creek","GRE 1",2014-02-14,"SS","STEELHEAD",1,1,"2013-2014","HF,WB"
"974","Green Valley Creek","GRE 1",2014-02-14,"SS","STEELHEAD",2,1,"2013-2014","HF,WB"
"975","Green Valley Creek","GRE 1",2014-02-14,"SS","COHO SALMON",1,1,"2013-2014","HF,WB"
"976","Green Valley Creek","GRE 1",2014-02-14,"SS","STEELHEAD",1,1,"2013-2014","HF,WB"
"977","Green Valley Creek","GRE 1",2014-02-14,"SS","STEELHEAD",1,1,"2013-2014","HF,WB"
"978","Willow Creek","WIL 3",2014-02-13,"SS","COHO SALMON",1,1,"2013-2014","WB,JP"
"979","Willow Creek","WIL 4",2014-02-13,"SS","COHO SALMON",2,1,"2013-2014","AB,TR"
"980","Willow Creek","WIL 4",2014-02-13,"SS","COHO SALMON",2,1,"2013-2014","AB,TR"
"981","Willow Creek","WIL 4",2014-02-13,"SS","COHO SALMON",2,1,"2013-2014","AB,TR"
"982","Willow Creek","WIL 4",2014-02-13,"SS","STEELHEAD",1,1,"2013-2014","AB,TR"
"983","Dutch Bill Creek","DUT 2",2014-02-12,"SS","COHO SALMON",1,1,"2013-2014","DD,TR,"
"984","Dutch Bill Creek","DUT 2",2014-02-12,"SS","COHO SALMON",2,1,"2013-2014","DD,TR,"
"985","Dutch Bill Creek","DUT 2",2014-02-12,"SS","COHO SALMON",1,1,"2013-2014","DD,TR,"
"986","Dutch Bill Creek","DUT 2",2014-02-12,"SS","COHO SALMON",1,1,"2013-2014","DD,TR,"
"987","Dutch Bill Creek","DUT 2",2014-02-12,"SS","STEELHEAD",1,1,"2013-2014","DD,TR,"
"988","Dutch Bill Creek","DUT 2",2014-02-12,"SS","STEELHEAD",1,1,"2013-2014","DD,TR,"
"989","Dutch Bill Creek","DUT 2",2014-02-12,"SS","STEELHEAD",1,1,"2013-2014","DD,TR,"
"990","Dutch Bill Creek","DUT 2",2014-02-12,"SS","COHO SALMON",2,1,"2013-2014","DD,TR,"
"991","Dutch Bill Creek","DUT 2",2014-02-12,"SS","STEELHEAD",1,1,"2013-2014","DD,TR,"
"992","Pena Creek","PEN 1",2014-02-11,"SS","COHO SALMON",1,1,"2013-2014","	fh dd"
